瘤痢,瘤痢疙,老矫,扁柯(∑C),碍荐樊(mm),嚼档(%),利汲(cm)
192,柳林,2021-01-01 01:00,-4.6,,80,
192,柳林,2021-01-01 02:00,-3,,57,
192,柳林,2021-01-01 03:00,-3.8,,59,
192,柳林,2021-01-01 04:00,-5.7,,70,
192,柳林,2021-01-01 05:00,-6.9,,78,
192,柳林,2021-01-01 06:00,-7.6,,83,
192,柳林,2021-01-01 07:00,-8.2,,86,
192,柳林,2021-01-01 08:00,-8,,87,
192,柳林,2021-01-01 09:00,-5,,78,
192,柳林,2021-01-01 10:00,-2.3,,64,
192,柳林,2021-01-01 11:00,.1,,58,
192,柳林,2021-01-01 12:00,1.9,,54,
192,柳林,2021-01-01 13:00,2.7,,55,
192,柳林,2021-01-01 14:00,4.5,,49,
192,柳林,2021-01-01 15:00,4,,47,
192,柳林,2021-01-01 16:00,4.1,,44,
192,柳林,2021-01-01 17:00,3,,48,
192,柳林,2021-01-01 18:00,2.2,,49,
192,柳林,2021-01-01 19:00,1.6,,54,
192,柳林,2021-01-01 20:00,1.1,,59,
192,柳林,2021-01-01 21:00,-2.5,,72,
192,柳林,2021-01-01 22:00,-3.1,,75,
192,柳林,2021-01-01 23:00,-4,,80,
192,柳林,2021-01-02 00:00,-4.2,,80,
192,柳林,2021-01-02 01:00,-4.1,,80,
192,柳林,2021-01-02 02:00,-3.8,,81,
192,柳林,2021-01-02 03:00,-3.3,,79,
192,柳林,2021-01-02 04:00,-3.3,,82,
192,柳林,2021-01-02 05:00,-3.3,,80,
192,柳林,2021-01-02 06:00,-3.3,,81,
192,柳林,2021-01-02 07:00,-4.1,,85,
192,柳林,2021-01-02 08:00,-4,,86,
192,柳林,2021-01-02 09:00,-2.1,,83,
192,柳林,2021-01-02 10:00,.4,,72,
192,柳林,2021-01-02 11:00,2,,65,
192,柳林,2021-01-02 12:00,3.2,,57,
192,柳林,2021-01-02 13:00,4.5,,52,
192,柳林,2021-01-02 14:00,5.4,,38,
192,柳林,2021-01-02 15:00,4.8,,35,
192,柳林,2021-01-02 16:00,3.9,,32,
192,柳林,2021-01-02 17:00,2.5,,31,
192,柳林,2021-01-02 18:00,1.5,,30,
192,柳林,2021-01-02 19:00,.4,,33,
192,柳林,2021-01-02 20:00,.1,,35,
192,柳林,2021-01-02 21:00,-.7,,38,
192,柳林,2021-01-02 22:00,-.9,,38,
192,柳林,2021-01-02 23:00,-1.2,,38,
192,柳林,2021-01-03 00:00,-3.1,,49,
192,柳林,2021-01-03 01:00,-4.1,,60,
192,柳林,2021-01-03 02:00,-4.7,,65,
192,柳林,2021-01-03 03:00,-4.6,,64,
192,柳林,2021-01-03 04:00,-4.7,,62,
192,柳林,2021-01-03 05:00,-4.2,,59,
192,柳林,2021-01-03 06:00,-2.1,,44,
192,柳林,2021-01-03 07:00,-1.5,,36,
192,柳林,2021-01-03 08:00,-1.8,,36,
192,柳林,2021-01-03 09:00,-1.3,,34,
192,柳林,2021-01-03 10:00,.2,,35,
192,柳林,2021-01-03 11:00,1.4,,34,
192,柳林,2021-01-03 12:00,2.5,,34,
192,柳林,2021-01-03 13:00,3.8,,32,
192,柳林,2021-01-03 14:00,4.9,,30,
192,柳林,2021-01-03 15:00,5.4,,24,
192,柳林,2021-01-03 16:00,4.5,,28,
192,柳林,2021-01-03 17:00,3.7,,29,
192,柳林,2021-01-03 18:00,3,,31,
192,柳林,2021-01-03 19:00,2.2,,33,
192,柳林,2021-01-03 20:00,1.2,,36,
192,柳林,2021-01-03 21:00,.6,,38,
192,柳林,2021-01-03 22:00,-1.8,,49,
192,柳林,2021-01-03 23:00,-2.3,,53,
192,柳林,2021-01-04 00:00,-3,,58,
192,柳林,2021-01-04 01:00,-3.5,,60,
192,柳林,2021-01-04 02:00,-4.4,,64,
192,柳林,2021-01-04 03:00,-5.4,,70,
192,柳林,2021-01-04 04:00,-6.4,,75,
192,柳林,2021-01-04 05:00,-6.7,,77,
192,柳林,2021-01-04 06:00,-7.2,,77,
192,柳林,2021-01-04 07:00,-7.5,,79,
192,柳林,2021-01-04 08:00,-7.1,,78,
192,柳林,2021-01-04 09:00,-4.7,,70,
192,柳林,2021-01-04 10:00,-.9,,57,
192,柳林,2021-01-04 11:00,.9,,46,
192,柳林,2021-01-04 12:00,2.7,,41,
192,柳林,2021-01-04 13:00,4.8,,36,
192,柳林,2021-01-04 14:00,6.1,,34,
192,柳林,2021-01-04 15:00,7,,34,
192,柳林,2021-01-04 16:00,6.7,,31,
192,柳林,2021-01-04 17:00,4.5,,44,
192,柳林,2021-01-04 18:00,1.3,,53,
192,柳林,2021-01-04 19:00,-.5,,59,
192,柳林,2021-01-04 20:00,-1.7,,65,
192,柳林,2021-01-04 21:00,-2.3,,67,
192,柳林,2021-01-04 22:00,-2.6,,68,
192,柳林,2021-01-04 23:00,-2.8,,69,
192,柳林,2021-01-05 00:00,-3.2,,72,
192,柳林,2021-01-05 01:00,-3,,72,
192,柳林,2021-01-05 02:00,-2.8,,73,
192,柳林,2021-01-05 03:00,-3.3,,74,
192,柳林,2021-01-05 04:00,-3.3,,75,
192,柳林,2021-01-05 05:00,-3.8,,78,
192,柳林,2021-01-05 06:00,-4.6,,80,
192,柳林,2021-01-05 07:00,-5.1,,83,
192,柳林,2021-01-05 08:00,-4.8,,84,
192,柳林,2021-01-05 09:00,-2.6,,78,
192,柳林,2021-01-05 10:00,1.5,,71,
192,柳林,2021-01-05 11:00,5.2,,44,
192,柳林,2021-01-05 12:00,6.1,,31,
192,柳林,2021-01-05 13:00,5.4,,28,
192,柳林,2021-01-05 14:00,4.8,,29,
192,柳林,2021-01-05 15:00,4.1,,35,
192,柳林,2021-01-05 16:00,3.5,,34,
192,柳林,2021-01-05 17:00,2.7,,35,
192,柳林,2021-01-05 18:00,1.7,,36,
192,柳林,2021-01-05 19:00,.8,,33,
192,柳林,2021-01-05 20:00,.2,,33,
192,柳林,2021-01-05 21:00,-.9,,36,
192,柳林,2021-01-05 22:00,-1.8,,38,
192,柳林,2021-01-05 23:00,-2.5,,42,
192,柳林,2021-01-06 00:00,-3.5,,45,
192,柳林,2021-01-06 01:00,-4,,44,
192,柳林,2021-01-06 02:00,-4.9,,47,
192,柳林,2021-01-06 03:00,-5,,41,
192,柳林,2021-01-06 04:00,-5.5,,40,
192,柳林,2021-01-06 05:00,-7.1,,48,
192,柳林,2021-01-06 06:00,-7.3,,52,
192,柳林,2021-01-06 07:00,-6.2,,49,
192,柳林,2021-01-06 08:00,-8,,59,
192,柳林,2021-01-06 09:00,-5.1,,54,
192,柳林,2021-01-06 10:00,-3.3,,49,
192,柳林,2021-01-06 11:00,-1.7,,42,
192,柳林,2021-01-06 12:00,.1,,39,
192,柳林,2021-01-06 13:00,.8,,38,
192,柳林,2021-01-06 14:00,1.3,,36,
192,柳林,2021-01-06 15:00,2.1,,35,
192,柳林,2021-01-06 16:00,1.5,,36,
192,柳林,2021-01-06 17:00,.8,,42,
192,柳林,2021-01-06 18:00,-.5,,46,
192,柳林,2021-01-06 19:00,-1.6,,48,
192,柳林,2021-01-06 20:00,-.7,,47,
192,柳林,2021-01-06 21:00,-1.3,,50,
192,柳林,2021-01-06 22:00,-1,,52,
192,柳林,2021-01-06 23:00,-1.3,,57,
192,柳林,2021-01-07 00:00,-1.5,,67,
192,柳林,2021-01-07 01:00,-1.8,,76,
192,柳林,2021-01-07 02:00,-1.4,,74,
192,柳林,2021-01-07 03:00,-2,,60,
192,柳林,2021-01-07 04:00,-2.6,,50,
192,柳林,2021-01-07 05:00,-4,,48,
192,柳林,2021-01-07 06:00,-5,,51,
192,柳林,2021-01-07 07:00,-5.2,,39,
192,柳林,2021-01-07 08:00,-5.9,,47,
192,柳林,2021-01-07 09:00,-7.5,,49,
192,柳林,2021-01-07 10:00,-6.7,,39,
192,柳林,2021-01-07 11:00,-6.1,,34,
192,柳林,2021-01-07 12:00,-5.3,,32,
192,柳林,2021-01-07 13:00,-4.6,,29,
192,柳林,2021-01-07 14:00,-5,,29,
192,柳林,2021-01-07 15:00,-5.4,,29,
192,柳林,2021-01-07 16:00,-5.2,,32,
192,柳林,2021-01-07 17:00,-6.4,,31,
192,柳林,2021-01-07 18:00,-7.5,,30,
192,柳林,2021-01-07 19:00,-8.2,,32,
192,柳林,2021-01-07 20:00,-8.9,,32,
192,柳林,2021-01-07 21:00,-10.1,,36,
192,柳林,2021-01-07 22:00,-10.2,,36,
192,柳林,2021-01-07 23:00,-10.8,,39,
192,柳林,2021-01-08 00:00,-12.1,,46,
192,柳林,2021-01-08 01:00,-12.5,,51,
192,柳林,2021-01-08 02:00,-12.9,,54,
192,柳林,2021-01-08 03:00,-13.5,,61,
192,柳林,2021-01-08 04:00,-14.4,,63,
192,柳林,2021-01-08 05:00,-14.2,,65,
192,柳林,2021-01-08 06:00,-14.7,,69,
192,柳林,2021-01-08 07:00,-14.5,,67,
192,柳林,2021-01-08 08:00,-14,,63,
192,柳林,2021-01-08 09:00,-11.2,,48,
192,柳林,2021-01-08 10:00,-8.7,,44,
192,柳林,2021-01-08 11:00,-6.7,,36,
192,柳林,2021-01-08 12:00,-5.4,,34,
192,柳林,2021-01-08 13:00,-3.8,,32,
192,柳林,2021-01-08 14:00,-3.1,,28,
192,柳林,2021-01-08 15:00,-1.9,,30,
192,柳林,2021-01-08 16:00,-2.4,,34,
192,柳林,2021-01-08 17:00,-4.5,,37,
192,柳林,2021-01-08 18:00,-5.9,,42,
192,柳林,2021-01-08 19:00,-6.4,,41,
192,柳林,2021-01-08 20:00,-7.1,,41,
192,柳林,2021-01-08 21:00,-8.8,,44,
192,柳林,2021-01-08 22:00,-9.2,,45,
192,柳林,2021-01-08 23:00,-10,,49,
192,柳林,2021-01-09 00:00,-11.4,,56,
192,柳林,2021-01-09 01:00,-12.1,,61,
192,柳林,2021-01-09 02:00,-12.2,,60,
192,柳林,2021-01-09 03:00,-13.2,,66,
192,柳林,2021-01-09 04:00,-13.6,,70,
192,柳林,2021-01-09 05:00,-14,,75,
192,柳林,2021-01-09 06:00,-14.1,,76,
192,柳林,2021-01-09 07:00,-14.7,,79,
192,柳林,2021-01-09 08:00,-14.2,,79,
192,柳林,2021-01-09 09:00,-11.1,,72,
192,柳林,2021-01-09 10:00,-7.3,,61,
192,柳林,2021-01-09 11:00,-5.4,,47,
192,柳林,2021-01-09 12:00,-3.4,,40,
192,柳林,2021-01-09 13:00,-2,,36,
192,柳林,2021-01-09 14:00,-.7,,35,
192,柳林,2021-01-09 15:00,.4,,32,
192,柳林,2021-01-09 16:00,.2,,33,
192,柳林,2021-01-09 17:00,-.8,,37,
192,柳林,2021-01-09 18:00,-2.6,,41,
192,柳林,2021-01-09 19:00,-3.8,,43,
192,柳林,2021-01-09 20:00,-4.6,,44,
192,柳林,2021-01-09 21:00,-5.5,,45,
192,柳林,2021-01-09 22:00,-6.3,,48,
192,柳林,2021-01-09 23:00,-6.2,,49,
192,柳林,2021-01-10 00:00,-6.5,,51,
192,柳林,2021-01-10 01:00,-6.6,,52,
192,柳林,2021-01-10 02:00,-8.5,,59,
192,柳林,2021-01-10 03:00,-10,,68,
192,柳林,2021-01-10 04:00,-11,,75,
192,柳林,2021-01-10 05:00,-11.9,,79,
192,柳林,2021-01-10 06:00,-12.4,,80,
192,柳林,2021-01-10 07:00,-12.6,,80,
192,柳林,2021-01-10 08:00,-12.5,,83,
192,柳林,2021-01-10 09:00,-9.5,,76,
192,柳林,2021-01-10 10:00,-6,,65,
192,柳林,2021-01-10 11:00,-3.1,,56,
192,柳林,2021-01-10 12:00,-1.6,,51,
192,柳林,2021-01-10 13:00,.4,,44,
192,柳林,2021-01-10 14:00,1.5,,42,
192,柳林,2021-01-10 15:00,1.5,,45,
192,柳林,2021-01-10 16:00,1.8,,44,
192,柳林,2021-01-10 17:00,1.7,,47,
192,柳林,2021-01-10 18:00,-.9,,59,
192,柳林,2021-01-10 19:00,-2.3,,63,
192,柳林,2021-01-10 20:00,-3.5,,69,
192,柳林,2021-01-10 21:00,-4.9,,73,
192,柳林,2021-01-10 22:00,-6,,78,
192,柳林,2021-01-10 23:00,-7.1,,80,
192,柳林,2021-01-11 00:00,-7,,82,
192,柳林,2021-01-11 01:00,-7,,82,
192,柳林,2021-01-11 02:00,-7,,83,
192,柳林,2021-01-11 03:00,-6.8,,84,
192,柳林,2021-01-11 04:00,-7.3,,85,
192,柳林,2021-01-11 05:00,-7.4,,86,
192,柳林,2021-01-11 06:00,-7.4,,85,
192,柳林,2021-01-11 07:00,-7.2,,84,
192,柳林,2021-01-11 08:00,-7,,83,
192,柳林,2021-01-11 09:00,-5.6,,79,
192,柳林,2021-01-11 10:00,-3,,64,
192,柳林,2021-01-11 11:00,-1.9,,61,
192,柳林,2021-01-11 12:00,-.6,,55,
192,柳林,2021-01-11 13:00,.6,,51,
192,柳林,2021-01-11 14:00,.8,,52,
192,柳林,2021-01-11 15:00,1.1,,52,
192,柳林,2021-01-11 16:00,1.2,,51,
192,柳林,2021-01-11 17:00,1.1,,56,
192,柳林,2021-01-11 18:00,.5,,54,
192,柳林,2021-01-11 19:00,-.5,,58,
192,柳林,2021-01-11 20:00,-1,,63,
192,柳林,2021-01-11 21:00,-2.2,,66,
192,柳林,2021-01-11 22:00,-3.8,,73,
192,柳林,2021-01-11 23:00,-4.3,,75,
192,柳林,2021-01-12 00:00,-5.1,,78,
192,柳林,2021-01-12 01:00,-6.5,,82,
192,柳林,2021-01-12 02:00,-7.2,,87,
192,柳林,2021-01-12 03:00,-8,,86,
192,柳林,2021-01-12 04:00,-8.6,,89,
192,柳林,2021-01-12 05:00,-9.1,,90,
192,柳林,2021-01-12 06:00,-9.5,,89,
192,柳林,2021-01-12 07:00,-9.9,,90,
192,柳林,2021-01-12 08:00,-9.9,,89,
192,柳林,2021-01-12 09:00,-7.1,,87,
192,柳林,2021-01-12 10:00,-3.7,,78,
192,柳林,2021-01-12 11:00,-.5,,66,
192,柳林,2021-01-12 12:00,1.6,,57,
192,柳林,2021-01-12 13:00,3.8,,42,
192,柳林,2021-01-12 14:00,4.3,,41,
192,柳林,2021-01-12 15:00,5,,34,
192,柳林,2021-01-12 16:00,4.6,,38,
192,柳林,2021-01-12 17:00,3.7,,44,
192,柳林,2021-01-12 18:00,1.6,,50,
192,柳林,2021-01-12 19:00,0,,59,
192,柳林,2021-01-12 20:00,-.7,,63,
192,柳林,2021-01-12 21:00,-.3,,66,
192,柳林,2021-01-12 22:00,1.1,,60,
192,柳林,2021-01-12 23:00,1.2,,64,
192,柳林,2021-01-13 00:00,1.7,,64,
192,柳林,2021-01-13 01:00,2,,66,
192,柳林,2021-01-13 02:00,1.2,,72,
192,柳林,2021-01-13 03:00,1.1,,73,
192,柳林,2021-01-13 04:00,-2.7,,80,
192,柳林,2021-01-13 05:00,-3.5,,82,
192,柳林,2021-01-13 06:00,-4.2,,84,
192,柳林,2021-01-13 07:00,-4.6,,86,
192,柳林,2021-01-13 08:00,-4.8,,86,
192,柳林,2021-01-13 09:00,-2.9,,84,
192,柳林,2021-01-13 10:00,.2,,76,
192,柳林,2021-01-13 11:00,3.4,,66,
192,柳林,2021-01-13 12:00,7.5,,55,
192,柳林,2021-01-13 13:00,10.6,,44,
192,柳林,2021-01-13 14:00,11.3,,42,
192,柳林,2021-01-13 15:00,11.6,,41,
192,柳林,2021-01-13 16:00,11.6,,40,
192,柳林,2021-01-13 17:00,11.1,,43,
192,柳林,2021-01-13 18:00,10.4,,47,
192,柳林,2021-01-13 19:00,9.7,,52,
192,柳林,2021-01-13 20:00,6,,63,
192,柳林,2021-01-13 21:00,2.5,,74,
192,柳林,2021-01-13 22:00,1,,82,
192,柳林,2021-01-13 23:00,3.1,,79,
192,柳林,2021-01-14 00:00,1.2,,81,
192,柳林,2021-01-14 01:00,.6,,80,
192,柳林,2021-01-14 02:00,-1.3,,88,
192,柳林,2021-01-14 03:00,-1.8,,90,
192,柳林,2021-01-14 04:00,-3,,90,
192,柳林,2021-01-14 05:00,-3.7,,92,
192,柳林,2021-01-14 06:00,-3.5,,94,
192,柳林,2021-01-14 07:00,-4,,94,
192,柳林,2021-01-14 08:00,-4,,94,
192,柳林,2021-01-14 09:00,-1.8,,92,
192,柳林,2021-01-14 10:00,1.2,,83,
192,柳林,2021-01-14 11:00,5.1,,69,
192,柳林,2021-01-14 12:00,9.3,,55,
192,柳林,2021-01-14 13:00,10.9,,38,
192,柳林,2021-01-14 14:00,11.9,,34,
192,柳林,2021-01-14 15:00,12.6,,32,
192,柳林,2021-01-14 16:00,12.1,,34,
192,柳林,2021-01-14 17:00,9.9,,43,
192,柳林,2021-01-14 18:00,9.1,,42,
192,柳林,2021-01-14 19:00,5.5,,56,
192,柳林,2021-01-14 20:00,2.5,,67,
192,柳林,2021-01-14 21:00,1.5,,73,
192,柳林,2021-01-14 22:00,1,,80,
192,柳林,2021-01-14 23:00,2.2,,78,
192,柳林,2021-01-15 00:00,.9,,81,
192,柳林,2021-01-15 01:00,1.2,,82,
192,柳林,2021-01-15 02:00,.8,,83,
192,柳林,2021-01-15 03:00,.6,,84,
192,柳林,2021-01-15 04:00,.5,,85,
192,柳林,2021-01-15 05:00,-.5,,86,
192,柳林,2021-01-15 06:00,-1.2,,87,
192,柳林,2021-01-15 07:00,-1.6,,90,
192,柳林,2021-01-15 08:00,-.7,,87,
192,柳林,2021-01-15 09:00,1.5,,80,
192,柳林,2021-01-15 10:00,3.1,,71,
192,柳林,2021-01-15 11:00,6.7,,60,
192,柳林,2021-01-15 12:00,14.7,,58,
192,柳林,2021-01-15 13:00,14.6,,60,
192,柳林,2021-01-15 14:00,14.6,,60,
192,柳林,2021-01-15 15:00,15.3,,57,
192,柳林,2021-01-15 16:00,15.5,,57,
192,柳林,2021-01-15 17:00,15,,60,
192,柳林,2021-01-15 18:00,13.5,,65,
192,柳林,2021-01-15 19:00,13,,68,
192,柳林,2021-01-15 20:00,12.8,,69,
192,柳林,2021-01-15 21:00,10,,81,
192,柳林,2021-01-15 22:00,6.9,,86,
192,柳林,2021-01-15 23:00,8.3,,79,
192,柳林,2021-01-16 00:00,5.9,,86,
192,柳林,2021-01-16 01:00,4.6,,87,
192,柳林,2021-01-16 02:00,5.5,,80,
192,柳林,2021-01-16 03:00,3.4,,90,
192,柳林,2021-01-16 04:00,4.8,,52,
192,柳林,2021-01-16 05:00,1.6,,63,
192,柳林,2021-01-16 06:00,.6,,61,
192,柳林,2021-01-16 07:00,-.3,,61,
192,柳林,2021-01-16 08:00,-1.4,,69,
192,柳林,2021-01-16 09:00,1,,64,
192,柳林,2021-01-16 10:00,4,,44,
192,柳林,2021-01-16 11:00,5.1,,39,
192,柳林,2021-01-16 12:00,6.8,,30,
192,柳林,2021-01-16 13:00,6.5,,29,
192,柳林,2021-01-16 14:00,7,,28,
192,柳林,2021-01-16 15:00,8,,19,
192,柳林,2021-01-16 16:00,6.3,,25,
192,柳林,2021-01-16 17:00,4.2,,28,
192,柳林,2021-01-16 18:00,2,,35,
192,柳林,2021-01-16 19:00,1.1,,40,
192,柳林,2021-01-16 20:00,.1,,46,
192,柳林,2021-01-16 21:00,-.7,,47,
192,柳林,2021-01-16 22:00,-1.3,,46,
192,柳林,2021-01-16 23:00,-1.5,,42,
192,柳林,2021-01-17 00:00,-1.9,,43,
192,柳林,2021-01-17 01:00,-1,,29,
192,柳林,2021-01-17 02:00,-1.8,,31,
192,柳林,2021-01-17 03:00,-1.9,,29,
192,柳林,2021-01-17 04:00,-2,,32,
192,柳林,2021-01-17 05:00,-2,,43,
192,柳林,2021-01-17 06:00,-2.5,,45,
192,柳林,2021-01-17 07:00,-3,,47,
192,柳林,2021-01-17 08:00,-3.5,,49,
192,柳林,2021-01-17 09:00,-2.1,,44,
192,柳林,2021-01-17 10:00,-.4,,39,
192,柳林,2021-01-17 11:00,.5,,27,
192,柳林,2021-01-17 12:00,1.1,,25,
192,柳林,2021-01-17 13:00,1.4,,23,
192,柳林,2021-01-17 14:00,2.3,,20,
192,柳林,2021-01-17 15:00,2.9,,21,
192,柳林,2021-01-17 16:00,2.7,,20,
192,柳林,2021-01-17 17:00,1.8,,24,
192,柳林,2021-01-17 18:00,.4,,29,
192,柳林,2021-01-17 19:00,-1.7,,40,
192,柳林,2021-01-17 20:00,-3.5,,45,
192,柳林,2021-01-17 21:00,-4.1,,50,
192,柳林,2021-01-17 22:00,-5.2,,56,
192,柳林,2021-01-17 23:00,-6,,60,
192,柳林,2021-01-18 00:00,-6.4,,62,
192,柳林,2021-01-18 01:00,-7.2,,66,
192,柳林,2021-01-18 02:00,-7.4,,67,
192,柳林,2021-01-18 03:00,-8,,72,
192,柳林,2021-01-18 04:00,-8.1,,72,
192,柳林,2021-01-18 05:00,-7.2,,72,
192,柳林,2021-01-18 06:00,-6.7,,72,
192,柳林,2021-01-18 07:00,-6.9,,74,
192,柳林,2021-01-18 08:00,-6.4,,76,
192,柳林,2021-01-18 09:00,-4.9,0,82,
192,柳林,2021-01-18 10:00,-3.3,,82,.3
192,柳林,2021-01-18 11:00,-.1,,81,
192,柳林,2021-01-18 12:00,3.2,0,77,
192,柳林,2021-01-18 13:00,3,,82,
192,柳林,2021-01-18 14:00,3.3,,81,
192,柳林,2021-01-18 15:00,4.8,.2,57,
192,柳林,2021-01-18 16:00,4.9,,50,
192,柳林,2021-01-18 17:00,5,,45,
192,柳林,2021-01-18 18:00,4.9,,35,
192,柳林,2021-01-18 19:00,4.3,,39,
192,柳林,2021-01-18 20:00,2.8,,49,
192,柳林,2021-01-18 21:00,1.7,,42,
192,柳林,2021-01-18 22:00,.3,,42,
192,柳林,2021-01-18 23:00,-.4,,43,
192,柳林,2021-01-19 00:00,-1.3,,44,
192,柳林,2021-01-19 01:00,-1.6,,44,
192,柳林,2021-01-19 02:00,-2.4,,44,
192,柳林,2021-01-19 03:00,-3,,45,
192,柳林,2021-01-19 04:00,-3.5,,47,
192,柳林,2021-01-19 05:00,-5.5,,57,
192,柳林,2021-01-19 06:00,-6.9,,63,
192,柳林,2021-01-19 07:00,-7.5,,67,
192,柳林,2021-01-19 08:00,-8.2,,69,
192,柳林,2021-01-19 09:00,-4.2,,58,
192,柳林,2021-01-19 10:00,-2.3,,48,
192,柳林,2021-01-19 11:00,-.6,,41,
192,柳林,2021-01-19 12:00,1,,40,
192,柳林,2021-01-19 13:00,2.3,,33,
192,柳林,2021-01-19 14:00,5.1,,26,
192,柳林,2021-01-19 15:00,5.5,,22,
192,柳林,2021-01-19 16:00,5.5,,23,
192,柳林,2021-01-19 17:00,4.5,,23,
192,柳林,2021-01-19 18:00,1.4,,26,
192,柳林,2021-01-19 19:00,-1.4,,39,
192,柳林,2021-01-19 20:00,-2.5,,40,
192,柳林,2021-01-19 21:00,-3.3,,42,
192,柳林,2021-01-19 22:00,-4.3,,48,
192,柳林,2021-01-19 23:00,-5.4,,51,
192,柳林,2021-01-20 00:00,-6,,56,
192,柳林,2021-01-20 01:00,-6.6,,59,
192,柳林,2021-01-20 02:00,-7.5,,63,
192,柳林,2021-01-20 03:00,-7.7,,65,
192,柳林,2021-01-20 04:00,-8.4,,69,
192,柳林,2021-01-20 05:00,-8.5,,69,
192,柳林,2021-01-20 06:00,-8.9,,72,
192,柳林,2021-01-20 07:00,-8.9,,73,
192,柳林,2021-01-20 08:00,-9,,74,
192,柳林,2021-01-20 09:00,-5.5,,65,
192,柳林,2021-01-20 10:00,-1.9,,51,
192,柳林,2021-01-20 11:00,1.5,,37,
192,柳林,2021-01-20 12:00,4.8,,31,
192,柳林,2021-01-20 13:00,7.2,,31,
192,柳林,2021-01-20 14:00,8.5,,41,
192,柳林,2021-01-20 15:00,10.1,,44,
192,柳林,2021-01-20 16:00,10.1,,44,
192,柳林,2021-01-20 17:00,8.7,,50,
192,柳林,2021-01-20 18:00,6.7,,61,
192,柳林,2021-01-20 19:00,2.5,,74,
192,柳林,2021-01-20 20:00,.7,,82,
192,柳林,2021-01-20 21:00,-.4,,85,
192,柳林,2021-01-20 22:00,-1.8,,87,
192,柳林,2021-01-20 23:00,-1.1,,87,
192,柳林,2021-01-21 00:00,-2.3,,89,
192,柳林,2021-01-21 01:00,-2.5,,90,
192,柳林,2021-01-21 02:00,-1.8,,88,
192,柳林,2021-01-21 03:00,-1,,85,
192,柳林,2021-01-21 04:00,.3,,79,
192,柳林,2021-01-21 05:00,-.1,,80,
192,柳林,2021-01-21 06:00,-.5,,82,
192,柳林,2021-01-21 07:00,0,,78,
192,柳林,2021-01-21 08:00,-2,,85,
192,柳林,2021-01-21 09:00,.1,,79,
192,柳林,2021-01-21 10:00,3.1,,69,
192,柳林,2021-01-21 11:00,5.4,,63,
192,柳林,2021-01-21 12:00,9.1,,52,
192,柳林,2021-01-21 13:00,12.3,,54,
192,柳林,2021-01-21 14:00,12.1,,56,
192,柳林,2021-01-21 15:00,12.5,,55,
192,柳林,2021-01-21 16:00,12,,57,
192,柳林,2021-01-21 17:00,11.1,,60,
192,柳林,2021-01-21 18:00,9.6,0,73,
192,柳林,2021-01-21 19:00,7.5,,90,
192,柳林,2021-01-21 20:00,6.8,,96,
192,柳林,2021-01-21 21:00,6.1,.6,97,
192,柳林,2021-01-21 22:00,6,,98,
192,柳林,2021-01-21 23:00,5.8,,98,
192,柳林,2021-01-22 00:00,5.5,1.1,99,
192,柳林,2021-01-22 01:00,5.5,,99,
192,柳林,2021-01-22 02:00,5.3,,99,
192,柳林,2021-01-22 03:00,5.3,.2,99,
192,柳林,2021-01-22 04:00,5.4,,99,
192,柳林,2021-01-22 05:00,5.2,,99,
192,柳林,2021-01-22 06:00,5.4,1,99,
192,柳林,2021-01-22 07:00,5.3,,99,
192,柳林,2021-01-22 08:00,5.4,,100,
192,柳林,2021-01-22 09:00,5.6,0,99,
192,柳林,2021-01-22 10:00,6.3,,99,
192,柳林,2021-01-22 11:00,7.4,,97,
192,柳林,2021-01-22 12:00,8.4,,94,
192,柳林,2021-01-22 13:00,8.4,,94,
192,柳林,2021-01-22 14:00,9.1,,92,
192,柳林,2021-01-22 15:00,8.8,0,94,
192,柳林,2021-01-22 16:00,9.6,,94,
192,柳林,2021-01-22 17:00,9.3,,93,
192,柳林,2021-01-22 18:00,8,,96,
192,柳林,2021-01-22 19:00,8.3,,98,
192,柳林,2021-01-22 20:00,8,,98,
192,柳林,2021-01-22 21:00,7.4,0,99,
192,柳林,2021-01-22 22:00,7.6,,99,
192,柳林,2021-01-22 23:00,7,,99,
192,柳林,2021-01-23 00:00,7.3,,100,
192,柳林,2021-01-23 01:00,7.4,,99,
192,柳林,2021-01-23 02:00,7,,99,
192,柳林,2021-01-23 03:00,7.1,,99,
192,柳林,2021-01-23 04:00,7,,99,
192,柳林,2021-01-23 05:00,6.9,,99,
192,柳林,2021-01-23 06:00,7,,99,
192,柳林,2021-01-23 07:00,7.1,,99,
192,柳林,2021-01-23 08:00,7.3,,98,
192,柳林,2021-01-23 09:00,7.9,0,97,
192,柳林,2021-01-23 10:00,9,,95,
192,柳林,2021-01-23 11:00,9.5,,94,
192,柳林,2021-01-23 12:00,10.1,.3,91,
192,柳林,2021-01-23 13:00,11.1,,81,
192,柳林,2021-01-23 14:00,11.3,,78,
192,柳林,2021-01-23 15:00,11.5,,77,
192,柳林,2021-01-23 16:00,11.1,,78,
192,柳林,2021-01-23 17:00,11.5,,72,
192,柳林,2021-01-23 18:00,11.1,0,70,
192,柳林,2021-01-23 19:00,10.8,,69,
192,柳林,2021-01-23 20:00,10.6,,68,
192,柳林,2021-01-23 21:00,9,.1,81,
192,柳林,2021-01-23 22:00,8,,88,
192,柳林,2021-01-23 23:00,7.5,,90,
192,柳林,2021-01-24 00:00,7.4,1,89,
192,柳林,2021-01-24 01:00,7.6,,85,
192,柳林,2021-01-24 02:00,7.8,,81,
192,柳林,2021-01-24 03:00,7.5,0,79,
192,柳林,2021-01-24 04:00,7.6,,76,
192,柳林,2021-01-24 05:00,8.2,,71,
192,柳林,2021-01-24 06:00,7.9,,72,
192,柳林,2021-01-24 07:00,7.4,,72,
192,柳林,2021-01-24 08:00,8,,71,
192,柳林,2021-01-24 09:00,8.5,,70,
192,柳林,2021-01-24 10:00,9.5,,66,
192,柳林,2021-01-24 11:00,10.8,,60,
192,柳林,2021-01-24 12:00,11.1,,59,
192,柳林,2021-01-24 13:00,11,,58,
192,柳林,2021-01-24 14:00,11.3,,54,
192,柳林,2021-01-24 15:00,10.8,,57,
192,柳林,2021-01-24 16:00,10.6,,57,
192,柳林,2021-01-24 17:00,10.6,,56,
192,柳林,2021-01-24 18:00,9.7,,57,
192,柳林,2021-01-24 19:00,6.5,,71,
192,柳林,2021-01-24 20:00,4.9,,79,
192,柳林,2021-01-24 21:00,3.5,,87,
192,柳林,2021-01-24 22:00,3.9,,83,
192,柳林,2021-01-24 23:00,5,,81,
192,柳林,2021-01-25 00:00,4.6,,82,
192,柳林,2021-01-25 01:00,4.3,,83,
192,柳林,2021-01-25 02:00,3.1,,86,
192,柳林,2021-01-25 03:00,2.4,,89,
192,柳林,2021-01-25 04:00,2.5,,90,
192,柳林,2021-01-25 05:00,.8,,94,
192,柳林,2021-01-25 06:00,0,,96,
192,柳林,2021-01-25 07:00,-.5,,96,
192,柳林,2021-01-25 08:00,-.8,,97,
192,柳林,2021-01-25 09:00,3.4,,95,
192,柳林,2021-01-25 10:00,6.1,,77,
192,柳林,2021-01-25 11:00,10.3,,60,
192,柳林,2021-01-25 12:00,11.3,,54,
192,柳林,2021-01-25 13:00,12.2,,51,
192,柳林,2021-01-25 14:00,13.3,,48,
192,柳林,2021-01-25 15:00,13.6,,46,
192,柳林,2021-01-25 16:00,14.1,,43,
192,柳林,2021-01-25 17:00,13.4,,41,
192,柳林,2021-01-25 18:00,10.2,,58,
192,柳林,2021-01-25 19:00,8.5,,66,
192,柳林,2021-01-25 20:00,7.9,,71,
192,柳林,2021-01-25 21:00,5.5,,80,
192,柳林,2021-01-25 22:00,4.6,,85,
192,柳林,2021-01-25 23:00,4,,89,
192,柳林,2021-01-26 00:00,4,,88,
192,柳林,2021-01-26 01:00,4.4,,86,
192,柳林,2021-01-26 02:00,3.4,,88,
192,柳林,2021-01-26 03:00,4.5,,86,
192,柳林,2021-01-26 04:00,4.5,,84,
192,柳林,2021-01-26 05:00,4.6,,86,
192,柳林,2021-01-26 06:00,4.8,.1,87,
192,柳林,2021-01-26 07:00,4.3,,94,
192,柳林,2021-01-26 08:00,4.3,,96,
192,柳林,2021-01-26 09:00,4.5,2.7,97,
192,柳林,2021-01-26 10:00,5.2,,98,
192,柳林,2021-01-26 11:00,5.8,,97,
192,柳林,2021-01-26 12:00,6.2,4.2,97,
192,柳林,2021-01-26 13:00,7,,94,
192,柳林,2021-01-26 14:00,6.6,,95,
192,柳林,2021-01-26 15:00,6.3,2.7,97,
192,柳林,2021-01-26 16:00,6.9,,94,
192,柳林,2021-01-26 17:00,7.3,,91,
192,柳林,2021-01-26 18:00,6.2,.6,95,
192,柳林,2021-01-26 19:00,4,,97,
192,柳林,2021-01-26 20:00,3.7,,98,
192,柳林,2021-01-26 21:00,3.7,,98,
192,柳林,2021-01-26 22:00,2.9,,98,
192,柳林,2021-01-26 23:00,2.2,,98,
192,柳林,2021-01-27 00:00,1.7,,99,
192,柳林,2021-01-27 01:00,.8,,99,
192,柳林,2021-01-27 02:00,1,,100,
192,柳林,2021-01-27 03:00,.5,,100,
192,柳林,2021-01-27 04:00,-.4,,99,
192,柳林,2021-01-27 05:00,-.5,,100,
192,柳林,2021-01-27 06:00,1.1,,86,
192,柳林,2021-01-27 07:00,1.7,,77,
192,柳林,2021-01-27 08:00,.7,,81,
192,柳林,2021-01-27 09:00,3.9,,56,
192,柳林,2021-01-27 10:00,6.2,,47,
192,柳林,2021-01-27 11:00,7.6,,34,
192,柳林,2021-01-27 12:00,8.4,,30,
192,柳林,2021-01-27 13:00,9.6,,27,
192,柳林,2021-01-27 14:00,10.8,,28,
192,柳林,2021-01-27 15:00,10.9,,23,
192,柳林,2021-01-27 16:00,10.8,,22,
192,柳林,2021-01-27 17:00,10,,26,
192,柳林,2021-01-27 18:00,7.6,,42,
192,柳林,2021-01-27 19:00,5.5,,51,
192,柳林,2021-01-27 20:00,4.3,,64,
192,柳林,2021-01-27 21:00,1.6,,74,
192,柳林,2021-01-27 22:00,.6,,80,
192,柳林,2021-01-27 23:00,.1,,79,
192,柳林,2021-01-28 00:00,-.9,,81,
192,柳林,2021-01-28 01:00,-1.7,,84,
192,柳林,2021-01-28 02:00,-1.8,,85,
192,柳林,2021-01-28 03:00,-2.8,,89,
192,柳林,2021-01-28 04:00,-2.7,,87,
192,柳林,2021-01-28 05:00,-2.1,,85,
192,柳林,2021-01-28 06:00,-1.9,,86,
192,柳林,2021-01-28 07:00,-1.5,,87,
192,柳林,2021-01-28 08:00,-1.4,,87,
192,柳林,2021-01-28 09:00,.6,,80,
192,柳林,2021-01-28 10:00,3.8,,65,
192,柳林,2021-01-28 11:00,8.8,,35,
192,柳林,2021-01-28 12:00,10.1,,23,
192,柳林,2021-01-28 13:00,10.3,,40,
192,柳林,2021-01-28 14:00,9,,50,
192,柳林,2021-01-28 15:00,7.8,,47,
192,柳林,2021-01-28 16:00,5.1,,57,
192,柳林,2021-01-28 17:00,2.4,,59,
192,柳林,2021-01-28 18:00,1.2,,47,
192,柳林,2021-01-28 19:00,.1,,47,
192,柳林,2021-01-28 20:00,-.7,,48,
192,柳林,2021-01-28 21:00,-1.4,,47,
192,柳林,2021-01-28 22:00,-1.8,,43,
192,柳林,2021-01-28 23:00,-2.5,,45,
192,柳林,2021-01-29 00:00,-2.6,,46,
192,柳林,2021-01-29 01:00,-3.5,,40,
192,柳林,2021-01-29 02:00,-4,,40,
192,柳林,2021-01-29 03:00,-4.5,,39,
192,柳林,2021-01-29 04:00,-4.5,,39,
192,柳林,2021-01-29 05:00,-4.5,,40,
192,柳林,2021-01-29 06:00,-5.2,,41,
192,柳林,2021-01-29 07:00,-4.7,,37,
192,柳林,2021-01-29 08:00,-5.7,,44,
192,柳林,2021-01-29 09:00,-3.8,,41,
192,柳林,2021-01-29 10:00,-1.9,,34,
192,柳林,2021-01-29 11:00,-.1,,31,
192,柳林,2021-01-29 12:00,.4,,32,
192,柳林,2021-01-29 13:00,1.7,,32,
192,柳林,2021-01-29 14:00,2.3,,26,
192,柳林,2021-01-29 15:00,2.8,,26,
192,柳林,2021-01-29 16:00,2.2,,27,
192,柳林,2021-01-29 17:00,1.2,,29,
192,柳林,2021-01-29 18:00,-.3,,33,
192,柳林,2021-01-29 19:00,-.7,,34,
192,柳林,2021-01-29 20:00,-1.3,,38,
192,柳林,2021-01-29 21:00,-1.8,,40,
192,柳林,2021-01-29 22:00,-3.7,,52,
192,柳林,2021-01-29 23:00,-4.9,,57,
192,柳林,2021-01-30 00:00,-5.7,,63,
192,柳林,2021-01-30 01:00,-5.4,,61,
192,柳林,2021-01-30 02:00,-7,,70,
192,柳林,2021-01-30 03:00,-7.6,,74,
192,柳林,2021-01-30 04:00,-8,,76,
192,柳林,2021-01-30 05:00,-8.2,,75,
192,柳林,2021-01-30 06:00,-8.8,,80,
192,柳林,2021-01-30 07:00,-8.6,,77,
192,柳林,2021-01-30 08:00,-7.9,,79,
192,柳林,2021-01-30 09:00,-5,,71,
192,柳林,2021-01-30 10:00,-2,,71,
192,柳林,2021-01-30 11:00,2.2,,62,
192,柳林,2021-01-30 12:00,4.3,,59,
192,柳林,2021-01-30 13:00,7.1,,54,
192,柳林,2021-01-30 14:00,8.3,,49,
192,柳林,2021-01-30 15:00,9.1,,48,
192,柳林,2021-01-30 16:00,8.6,,50,
192,柳林,2021-01-30 17:00,8.3,,51,
192,柳林,2021-01-30 18:00,7.6,,54,
192,柳林,2021-01-30 19:00,7.4,,55,
192,柳林,2021-01-30 20:00,2.5,,70,
192,柳林,2021-01-30 21:00,.4,,79,
192,柳林,2021-01-30 22:00,-1,,83,
192,柳林,2021-01-30 23:00,-2.1,,89,
192,柳林,2021-01-31 00:00,-2.6,,90,
192,柳林,2021-01-31 01:00,-2.8,,92,
192,柳林,2021-01-31 02:00,-3.6,,93,
192,柳林,2021-01-31 03:00,-4.2,,93,
192,柳林,2021-01-31 04:00,-4.9,,93,
192,柳林,2021-01-31 05:00,-5.4,,92,
192,柳林,2021-01-31 06:00,-5.4,,93,
192,柳林,2021-01-31 07:00,-5.7,,92,
192,柳林,2021-01-31 08:00,-5.8,,92,
192,柳林,2021-01-31 09:00,-2.8,,89,
192,柳林,2021-01-31 10:00,.6,,78,
192,柳林,2021-01-31 11:00,3.5,,61,
192,柳林,2021-01-31 12:00,7.2,,42,
192,柳林,2021-01-31 13:00,9.6,,39,
192,柳林,2021-01-31 14:00,11.7,,44,
192,柳林,2021-01-31 15:00,11.3,,46,
192,柳林,2021-01-31 16:00,10.8,,54,
192,柳林,2021-01-31 17:00,10.1,,58,
192,柳林,2021-01-31 18:00,9.2,,61,
192,柳林,2021-01-31 19:00,6.9,,71,
192,柳林,2021-01-31 20:00,5.9,,77,
192,柳林,2021-01-31 21:00,5.5,,78,
192,柳林,2021-01-31 22:00,5,,81,
192,柳林,2021-01-31 23:00,4.9,,86,
192,柳林,2021-02-01 00:00,4.3,1,95,
192,柳林,2021-02-01 01:00,4.3,,96,
192,柳林,2021-02-01 02:00,4.4,,98,
192,柳林,2021-02-01 03:00,4.6,8.2,98,
192,柳林,2021-02-01 04:00,4.9,,99,
192,柳林,2021-02-01 05:00,4.9,,99,
192,柳林,2021-02-01 06:00,5.1,6.3,99,
192,柳林,2021-02-01 07:00,5.4,,99,
192,柳林,2021-02-01 08:00,5.4,,99,
192,柳林,2021-02-01 09:00,5.6,1.5,100,
192,柳林,2021-02-01 10:00,6.5,,100,
192,柳林,2021-02-01 11:00,10.1,,97,
192,柳林,2021-02-01 12:00,10,,83,
192,柳林,2021-02-01 13:00,10.3,,78,
192,柳林,2021-02-01 14:00,10.3,,77,
192,柳林,2021-02-01 15:00,10.1,,77,
192,柳林,2021-02-01 16:00,10.1,,77,
192,柳林,2021-02-01 17:00,9.6,,79,
192,柳林,2021-02-01 18:00,9.4,,79,
192,柳林,2021-02-01 19:00,9.3,,79,
192,柳林,2021-02-01 20:00,9.1,,74,
192,柳林,2021-02-01 21:00,9.8,,60,
192,柳林,2021-02-01 22:00,7.8,,75,
192,柳林,2021-02-01 23:00,5.9,,90,
192,柳林,2021-02-02 00:00,5.4,,80,
192,柳林,2021-02-02 01:00,6.5,,44,
192,柳林,2021-02-02 02:00,5.3,,44,
192,柳林,2021-02-02 03:00,1.9,,56,
192,柳林,2021-02-02 04:00,3.7,,41,
192,柳林,2021-02-02 05:00,2.3,,41,
192,柳林,2021-02-02 06:00,.8,,39,
192,柳林,2021-02-02 07:00,-.2,,34,
192,柳林,2021-02-02 08:00,-.7,,28,
192,柳林,2021-02-02 09:00,.4,,24,
192,柳林,2021-02-02 10:00,.7,,23,
192,柳林,2021-02-02 11:00,1.3,,21,
192,柳林,2021-02-02 12:00,2.5,,21,
192,柳林,2021-02-02 13:00,3.5,,20,
192,柳林,2021-02-02 14:00,4.3,,21,
192,柳林,2021-02-02 15:00,4,,21,
192,柳林,2021-02-02 16:00,3.5,,21,
192,柳林,2021-02-02 17:00,2.1,,24,
192,柳林,2021-02-02 18:00,.4,,30,
192,柳林,2021-02-02 19:00,-.7,,32,
192,柳林,2021-02-02 20:00,-1.3,,33,
192,柳林,2021-02-02 21:00,-1.9,,35,
192,柳林,2021-02-02 22:00,-3.6,,46,
192,柳林,2021-02-02 23:00,-4.6,,58,
192,柳林,2021-02-03 00:00,-5.2,,62,
192,柳林,2021-02-03 01:00,-5.3,,62,
192,柳林,2021-02-03 02:00,-6,,68,
192,柳林,2021-02-03 03:00,-6.3,,69,
192,柳林,2021-02-03 04:00,-6.6,,74,
192,柳林,2021-02-03 05:00,-7.1,,78,
192,柳林,2021-02-03 06:00,-7.8,,83,
192,柳林,2021-02-03 07:00,-8.4,,88,
192,柳林,2021-02-03 08:00,-7.3,,89,
192,柳林,2021-02-03 09:00,-2.8,,61,
192,柳林,2021-02-03 10:00,-.9,,41,
192,柳林,2021-02-03 11:00,.4,,36,
192,柳林,2021-02-03 12:00,2,,35,
192,柳林,2021-02-03 13:00,3.2,,30,
192,柳林,2021-02-03 14:00,4.1,,30,
192,柳林,2021-02-03 15:00,4.3,,28,
192,柳林,2021-02-03 16:00,4.8,,28,
192,柳林,2021-02-03 17:00,3.7,,32,
192,柳林,2021-02-03 18:00,2.3,,41,
192,柳林,2021-02-03 19:00,-.4,,54,
192,柳林,2021-02-03 20:00,-1.9,,64,
192,柳林,2021-02-03 21:00,-2.6,,66,
192,柳林,2021-02-03 22:00,-3.3,,68,
192,柳林,2021-02-03 23:00,-3,,71,
192,柳林,2021-02-04 00:00,-1.6,,67,
192,柳林,2021-02-04 01:00,-.2,,61,
192,柳林,2021-02-04 02:00,2.7,,54,
192,柳林,2021-02-04 03:00,2.1,,62,
192,柳林,2021-02-04 04:00,-.3,,76,
192,柳林,2021-02-04 05:00,-1.8,,83,
192,柳林,2021-02-04 06:00,-2.5,,87,
192,柳林,2021-02-04 07:00,-3.1,,88,
192,柳林,2021-02-04 08:00,-3.5,,91,
192,柳林,2021-02-04 09:00,.5,,82,
192,柳林,2021-02-04 10:00,5,,25,
192,柳林,2021-02-04 11:00,6,,19,
192,柳林,2021-02-04 12:00,7.1,,19,
192,柳林,2021-02-04 13:00,7.9,,18,
192,柳林,2021-02-04 14:00,8.8,,18,
192,柳林,2021-02-04 15:00,9.3,,18,
192,柳林,2021-02-04 16:00,9.6,,25,
192,柳林,2021-02-04 17:00,8.6,,20,
192,柳林,2021-02-04 18:00,6.1,,24,
192,柳林,2021-02-04 19:00,4.7,,27,
192,柳林,2021-02-04 20:00,1.9,,35,
192,柳林,2021-02-04 21:00,.1,,45,
192,柳林,2021-02-04 22:00,-1.8,,55,
192,柳林,2021-02-04 23:00,-2.8,,64,
192,柳林,2021-02-05 00:00,-3.3,,65,
192,柳林,2021-02-05 01:00,-4.1,,67,
192,柳林,2021-02-05 02:00,-4.7,,70,
192,柳林,2021-02-05 03:00,-5.4,,70,
192,柳林,2021-02-05 04:00,-6.1,,76,
192,柳林,2021-02-05 05:00,-6.4,,78,
192,柳林,2021-02-05 06:00,-6.6,,77,
192,柳林,2021-02-05 07:00,-6.4,,79,
192,柳林,2021-02-05 08:00,-5.4,,76,
192,柳林,2021-02-05 09:00,-3.3,,69,
192,柳林,2021-02-05 10:00,.4,,50,
192,柳林,2021-02-05 11:00,3,,38,
192,柳林,2021-02-05 12:00,5,,29,
192,柳林,2021-02-05 13:00,6.6,,24,
192,柳林,2021-02-05 14:00,7.5,,26,
192,柳林,2021-02-05 15:00,7.8,,29,
192,柳林,2021-02-05 16:00,7.3,,32,
192,柳林,2021-02-05 17:00,6.9,,36,
192,柳林,2021-02-05 18:00,6.6,,36,
192,柳林,2021-02-05 19:00,6.3,,37,
192,柳林,2021-02-05 20:00,5.5,,42,
192,柳林,2021-02-05 21:00,5.9,,41,
192,柳林,2021-02-05 22:00,3.7,,50,
192,柳林,2021-02-05 23:00,1.6,,60,
192,柳林,2021-02-06 00:00,-.2,,69,
192,柳林,2021-02-06 01:00,-1.3,,72,
192,柳林,2021-02-06 02:00,-2.6,,79,
192,柳林,2021-02-06 03:00,-3,,80,
192,柳林,2021-02-06 04:00,-3.8,,82,
192,柳林,2021-02-06 05:00,-4.1,,84,
192,柳林,2021-02-06 06:00,-5,,86,
192,柳林,2021-02-06 07:00,-5.1,,87,
192,柳林,2021-02-06 08:00,-4.9,,88,
192,柳林,2021-02-06 09:00,-.9,,81,
192,柳林,2021-02-06 10:00,2.6,,66,
192,柳林,2021-02-06 11:00,6.3,,45,
192,柳林,2021-02-06 12:00,10.4,,45,
192,柳林,2021-02-06 13:00,11.9,,45,
192,柳林,2021-02-06 14:00,13.7,,49,
192,柳林,2021-02-06 15:00,13.9,,51,
192,柳林,2021-02-06 16:00,14.8,,42,
192,柳林,2021-02-06 17:00,13.8,,39,
192,柳林,2021-02-06 18:00,12.3,,47,
192,柳林,2021-02-06 19:00,9.4,,58,
192,柳林,2021-02-06 20:00,6.5,,72,
192,柳林,2021-02-06 21:00,4.2,,82,
192,柳林,2021-02-06 22:00,4,,86,
192,柳林,2021-02-06 23:00,3,,90,
192,柳林,2021-02-07 00:00,.7,,93,
192,柳林,2021-02-07 01:00,.2,,94,
192,柳林,2021-02-07 02:00,-.7,,95,
192,柳林,2021-02-07 03:00,-.6,,96,
192,柳林,2021-02-07 04:00,-.4,,96,
192,柳林,2021-02-07 05:00,-1.2,,96,
192,柳林,2021-02-07 06:00,-1.7,,96,
192,柳林,2021-02-07 07:00,-1.8,,96,
192,柳林,2021-02-07 08:00,-1.3,,97,
192,柳林,2021-02-07 09:00,1.4,,96,
192,柳林,2021-02-07 10:00,5.1,,86,
192,柳林,2021-02-07 11:00,8.6,,68,
192,柳林,2021-02-07 12:00,11.6,,54,
192,柳林,2021-02-07 13:00,13.3,,37,
192,柳林,2021-02-07 14:00,14.3,,41,
192,柳林,2021-02-07 15:00,14.5,,38,
192,柳林,2021-02-07 16:00,14.6,,39,
192,柳林,2021-02-07 17:00,13.8,,42,
192,柳林,2021-02-07 18:00,12.1,,34,
192,柳林,2021-02-07 19:00,9.6,,36,
192,柳林,2021-02-07 20:00,9.9,,40,
192,柳林,2021-02-07 21:00,9.1,,47,
192,柳林,2021-02-07 22:00,8.6,,45,
192,柳林,2021-02-07 23:00,7.1,,44,
192,柳林,2021-02-08 00:00,4.4,,60,
192,柳林,2021-02-08 01:00,5.1,,27,
192,柳林,2021-02-08 02:00,2.9,,32,
192,柳林,2021-02-08 03:00,2.5,,34,
192,柳林,2021-02-08 04:00,2.5,,28,
192,柳林,2021-02-08 05:00,1.2,,31,
192,柳林,2021-02-08 06:00,.8,,32,
192,柳林,2021-02-08 07:00,-.3,,39,
192,柳林,2021-02-08 08:00,-.1,,38,
192,柳林,2021-02-08 09:00,2,,31,
192,柳林,2021-02-08 10:00,3.4,,25,
192,柳林,2021-02-08 11:00,4.7,,20,
192,柳林,2021-02-08 12:00,5.3,,22,
192,柳林,2021-02-08 13:00,6,,20,
192,柳林,2021-02-08 14:00,6.2,,23,
192,柳林,2021-02-08 15:00,6.1,,24,
192,柳林,2021-02-08 16:00,6.1,,22,
192,柳林,2021-02-08 17:00,5,,21,
192,柳林,2021-02-08 18:00,3.3,,23,
192,柳林,2021-02-08 19:00,1.8,,25,
192,柳林,2021-02-08 20:00,1,,26,
192,柳林,2021-02-08 21:00,.3,,26,
192,柳林,2021-02-08 22:00,-.6,,28,
192,柳林,2021-02-08 23:00,-1.5,,32,
192,柳林,2021-02-09 00:00,-2.7,,37,
192,柳林,2021-02-09 01:00,-2,,34,
192,柳林,2021-02-09 02:00,-3.2,,42,
192,柳林,2021-02-09 03:00,-4.8,,52,
192,柳林,2021-02-09 04:00,-6.1,,59,
192,柳林,2021-02-09 05:00,-6.7,,64,
192,柳林,2021-02-09 06:00,-7.4,,68,
192,柳林,2021-02-09 07:00,-7.5,,73,
192,柳林,2021-02-09 08:00,-6.9,,75,
192,柳林,2021-02-09 09:00,-2.7,,61,
192,柳林,2021-02-09 10:00,.3,,42,
192,柳林,2021-02-09 11:00,2.2,,31,
192,柳林,2021-02-09 12:00,4.3,,24,
192,柳林,2021-02-09 13:00,6.1,,21,
192,柳林,2021-02-09 14:00,7.2,,23,
192,柳林,2021-02-09 15:00,8.7,,20,
192,柳林,2021-02-09 16:00,8.9,,20,
192,柳林,2021-02-09 17:00,8.1,,23,
192,柳林,2021-02-09 18:00,4.9,,30,
192,柳林,2021-02-09 19:00,2.4,,42,
192,柳林,2021-02-09 20:00,.2,,49,
192,柳林,2021-02-09 21:00,-1.1,,53,
192,柳林,2021-02-09 22:00,-2.1,,59,
192,柳林,2021-02-09 23:00,-2.7,,61,
192,柳林,2021-02-10 00:00,-3.5,,65,
192,柳林,2021-02-10 01:00,-4.1,,70,
192,柳林,2021-02-10 02:00,-4.7,,74,
192,柳林,2021-02-10 03:00,-5,,74,
192,柳林,2021-02-10 04:00,-6,,76,
192,柳林,2021-02-10 05:00,-6.2,,79,
192,柳林,2021-02-10 06:00,-6.5,,80,
192,柳林,2021-02-10 07:00,-6.8,,81,
192,柳林,2021-02-10 08:00,-6.1,,82,
192,柳林,2021-02-10 09:00,-2.4,,75,
192,柳林,2021-02-10 10:00,1.9,,58,
192,柳林,2021-02-10 11:00,5.2,,45,
192,柳林,2021-02-10 12:00,7.1,,31,
192,柳林,2021-02-10 13:00,9.1,,26,
192,柳林,2021-02-10 14:00,11.8,,23,
192,柳林,2021-02-10 15:00,12.6,,25,
192,柳林,2021-02-10 16:00,12.6,,24,
192,柳林,2021-02-10 17:00,12,,26,
192,柳林,2021-02-10 18:00,9.2,,33,
192,柳林,2021-02-10 19:00,5.2,,50,
192,柳林,2021-02-10 20:00,3.2,,60,
192,柳林,2021-02-10 21:00,1.2,,68,
192,柳林,2021-02-10 22:00,.8,,73,
192,柳林,2021-02-10 23:00,-.4,,75,
192,柳林,2021-02-11 00:00,-.8,,77,
192,柳林,2021-02-11 01:00,-1,,80,
192,柳林,2021-02-11 02:00,-1.3,,77,
192,柳林,2021-02-11 03:00,-1.8,,80,
192,柳林,2021-02-11 04:00,-2.5,,84,
192,柳林,2021-02-11 05:00,-2.9,,86,
192,柳林,2021-02-11 06:00,-3.3,,87,
192,柳林,2021-02-11 07:00,-2.8,,88,
192,柳林,2021-02-11 08:00,-2.3,,87,
192,柳林,2021-02-11 09:00,.6,,83,
192,柳林,2021-02-11 10:00,3.5,,74,
192,柳林,2021-02-11 11:00,6.5,,58,
192,柳林,2021-02-11 12:00,8.6,,51,
192,柳林,2021-02-11 13:00,10,,46,
192,柳林,2021-02-11 14:00,10.6,,42,
192,柳林,2021-02-11 15:00,11.3,,39,
192,柳林,2021-02-11 16:00,11.3,,32,
192,柳林,2021-02-11 17:00,10.8,,39,
192,柳林,2021-02-11 18:00,9.1,,48,
192,柳林,2021-02-11 19:00,6.1,,60,
192,柳林,2021-02-11 20:00,5.8,,68,
192,柳林,2021-02-11 21:00,4.4,,72,
192,柳林,2021-02-11 22:00,3.5,,76,
192,柳林,2021-02-11 23:00,3,,80,
192,柳林,2021-02-12 00:00,2.7,,82,
192,柳林,2021-02-12 01:00,1.2,,87,
192,柳林,2021-02-12 02:00,1.2,,82,
192,柳林,2021-02-12 03:00,1.2,,82,
192,柳林,2021-02-12 04:00,.4,,86,
192,柳林,2021-02-12 05:00,0,,87,
192,柳林,2021-02-12 06:00,-.6,,88,
192,柳林,2021-02-12 07:00,-.6,,89,
192,柳林,2021-02-12 08:00,-.2,,88,
192,柳林,2021-02-12 09:00,2.4,,83,
192,柳林,2021-02-12 10:00,5,,68,
192,柳林,2021-02-12 11:00,6.3,,65,
192,柳林,2021-02-12 12:00,9.6,,56,
192,柳林,2021-02-12 13:00,12.7,,40,
192,柳林,2021-02-12 14:00,14,,35,
192,柳林,2021-02-12 15:00,15.6,,25,
192,柳林,2021-02-12 16:00,15.5,,27,
192,柳林,2021-02-12 17:00,15.1,,29,
192,柳林,2021-02-12 18:00,12.8,,32,
192,柳林,2021-02-12 19:00,7.7,,49,
192,柳林,2021-02-12 20:00,5.4,,58,
192,柳林,2021-02-12 21:00,4.3,,68,
192,柳林,2021-02-12 22:00,3.3,,75,
192,柳林,2021-02-12 23:00,2.7,,78,
192,柳林,2021-02-13 00:00,1.6,,77,
192,柳林,2021-02-13 01:00,.5,,84,
192,柳林,2021-02-13 02:00,-.5,,83,
192,柳林,2021-02-13 03:00,-1,,83,
192,柳林,2021-02-13 04:00,-1.3,,84,
192,柳林,2021-02-13 05:00,-1.7,,85,
192,柳林,2021-02-13 06:00,-2.5,,86,
192,柳林,2021-02-13 07:00,-2.5,,88,
192,柳林,2021-02-13 08:00,-1.9,,86,
192,柳林,2021-02-13 09:00,2,,77,
192,柳林,2021-02-13 10:00,6.3,,58,
192,柳林,2021-02-13 11:00,8.9,,51,
192,柳林,2021-02-13 12:00,13.5,,38,
192,柳林,2021-02-13 13:00,16.8,,28,
192,柳林,2021-02-13 14:00,17.3,,25,
192,柳林,2021-02-13 15:00,19.1,,20,
192,柳林,2021-02-13 16:00,19.3,,20,
192,柳林,2021-02-13 17:00,18.8,,21,
192,柳林,2021-02-13 18:00,14.8,,29,
192,柳林,2021-02-13 19:00,13.6,,33,
192,柳林,2021-02-13 20:00,11,,41,
192,柳林,2021-02-13 21:00,7.4,,53,
192,柳林,2021-02-13 22:00,4.9,,63,
192,柳林,2021-02-13 23:00,5.2,,73,
192,柳林,2021-02-14 00:00,2.7,,74,
192,柳林,2021-02-14 01:00,2,,78,
192,柳林,2021-02-14 02:00,3.5,,79,
192,柳林,2021-02-14 03:00,3,,79,
192,柳林,2021-02-14 04:00,1.7,,83,
192,柳林,2021-02-14 05:00,3.2,,78,
192,柳林,2021-02-14 06:00,4.2,,73,
192,柳林,2021-02-14 07:00,4.7,,75,
192,柳林,2021-02-14 08:00,5.5,,70,
192,柳林,2021-02-14 09:00,6.1,,73,
192,柳林,2021-02-14 10:00,7.1,,68,
192,柳林,2021-02-14 11:00,9.2,,65,
192,柳林,2021-02-14 12:00,11.2,,59,
192,柳林,2021-02-14 13:00,14,,56,
192,柳林,2021-02-14 14:00,13.7,,60,
192,柳林,2021-02-14 15:00,14.9,,58,
192,柳林,2021-02-14 16:00,15,,60,
192,柳林,2021-02-14 17:00,14.3,,63,
192,柳林,2021-02-14 18:00,12.7,0,73,
192,柳林,2021-02-14 19:00,10.6,,89,
192,柳林,2021-02-14 20:00,10.1,,94,
192,柳林,2021-02-14 21:00,9.3,2.8,97,
192,柳林,2021-02-14 22:00,9.3,,99,
192,柳林,2021-02-14 23:00,9.1,,99,
192,柳林,2021-02-15 00:00,9,.9,99,
192,柳林,2021-02-15 01:00,8.6,,99,
192,柳林,2021-02-15 02:00,8.6,,100,
192,柳林,2021-02-15 03:00,8.3,,100,
192,柳林,2021-02-15 04:00,8.2,,100,
192,柳林,2021-02-15 05:00,8.1,,100,
192,柳林,2021-02-15 06:00,7.8,0,100,
192,柳林,2021-02-15 07:00,7.3,,100,
192,柳林,2021-02-15 08:00,7.4,,100,
192,柳林,2021-02-15 09:00,7.8,,100,
192,柳林,2021-02-15 10:00,10.5,,98,
192,柳林,2021-02-15 11:00,12.1,,68,
192,柳林,2021-02-15 12:00,11.6,,65,
192,柳林,2021-02-15 13:00,10.6,,54,
192,柳林,2021-02-15 14:00,11.1,,43,
192,柳林,2021-02-15 15:00,9.9,,35,
192,柳林,2021-02-15 16:00,7.6,,34,
192,柳林,2021-02-15 17:00,6.4,,31,
192,柳林,2021-02-15 18:00,4.4,,31,
192,柳林,2021-02-15 19:00,1.7,,38,
192,柳林,2021-02-15 20:00,.8,,40,
192,柳林,2021-02-15 21:00,-.1,,46,
192,柳林,2021-02-15 22:00,-.1,,45,
192,柳林,2021-02-15 23:00,-1.1,,50,
192,柳林,2021-02-16 00:00,-1.6,,52,
192,柳林,2021-02-16 01:00,-2.8,,63,
192,柳林,2021-02-16 02:00,-3.8,,71,
192,柳林,2021-02-16 03:00,-3.6,,74,
192,柳林,2021-02-16 04:00,-4.5,,79,
192,柳林,2021-02-16 05:00,-4.6,,79,
192,柳林,2021-02-16 06:00,-5,,84,
192,柳林,2021-02-16 07:00,-5.7,,86,
192,柳林,2021-02-16 08:00,-4.8,,85,
192,柳林,2021-02-16 09:00,-1.1,,65,
192,柳林,2021-02-16 10:00,1.3,,47,
192,柳林,2021-02-16 11:00,2.5,,45,
192,柳林,2021-02-16 12:00,4.5,,42,
192,柳林,2021-02-16 13:00,6.3,,27,
192,柳林,2021-02-16 14:00,6.9,,29,
192,柳林,2021-02-16 15:00,7.3,,30,
192,柳林,2021-02-16 16:00,7.3,,35,
192,柳林,2021-02-16 17:00,6.4,,43,
192,柳林,2021-02-16 18:00,4.1,0,69,
192,柳林,2021-02-16 19:00,3.5,,70,
192,柳林,2021-02-16 20:00,2.5,,72,
192,柳林,2021-02-16 21:00,1.6,,49,
192,柳林,2021-02-16 22:00,-.5,,48,
192,柳林,2021-02-16 23:00,-2.2,,47,
192,柳林,2021-02-17 00:00,-2.1,,47,
192,柳林,2021-02-17 01:00,-2,,46,
192,柳林,2021-02-17 02:00,-2.3,,44,
192,柳林,2021-02-17 03:00,-2.8,,46,
192,柳林,2021-02-17 04:00,-3.3,,48,
192,柳林,2021-02-17 05:00,-3.9,,43,
192,柳林,2021-02-17 06:00,-4.1,,39,
192,柳林,2021-02-17 07:00,-4.4,,44,
192,柳林,2021-02-17 08:00,-4,,43,
192,柳林,2021-02-17 09:00,-3.3,,45,
192,柳林,2021-02-17 10:00,-1.7,,37,
192,柳林,2021-02-17 11:00,-1.6,,37,
192,柳林,2021-02-17 12:00,-.9,,35,
192,柳林,2021-02-17 13:00,-.2,,30,
192,柳林,2021-02-17 14:00,0,,32,
192,柳林,2021-02-17 15:00,-.1,,31,
192,柳林,2021-02-17 16:00,-1,,30,
192,柳林,2021-02-17 17:00,-2.3,,28,
192,柳林,2021-02-17 18:00,-3.3,,33,
192,柳林,2021-02-17 19:00,-4,,30,
192,柳林,2021-02-17 20:00,-4.5,,36,
192,柳林,2021-02-17 21:00,-4.5,,45,
192,柳林,2021-02-17 22:00,-4.5,,48,
192,柳林,2021-02-17 23:00,-4.6,,46,
192,柳林,2021-02-18 00:00,-5.4,,49,
192,柳林,2021-02-18 01:00,-6.7,,58,
192,柳林,2021-02-18 02:00,-5.5,,51,
192,柳林,2021-02-18 03:00,-4.7,,51,
192,柳林,2021-02-18 04:00,-5.1,,44,
192,柳林,2021-02-18 05:00,-5.9,,48,
192,柳林,2021-02-18 06:00,-7.1,,53,
192,柳林,2021-02-18 07:00,-7.1,,57,
192,柳林,2021-02-18 08:00,-6.5,,57,
192,柳林,2021-02-18 09:00,-3.5,,45,
192,柳林,2021-02-18 10:00,-2.2,,41,
192,柳林,2021-02-18 11:00,-.4,,33,
192,柳林,2021-02-18 12:00,-.1,,33,
192,柳林,2021-02-18 13:00,1.3,,31,
192,柳林,2021-02-18 14:00,1.7,,32,
192,柳林,2021-02-18 15:00,2.4,,35,
192,柳林,2021-02-18 16:00,2.2,,36,
192,柳林,2021-02-18 17:00,1.5,,38,
192,柳林,2021-02-18 18:00,.2,,42,
192,柳林,2021-02-18 19:00,-.5,,45,
192,柳林,2021-02-18 20:00,-1.3,,48,
192,柳林,2021-02-18 21:00,-2.3,,52,
192,柳林,2021-02-18 22:00,-3.6,,60,
192,柳林,2021-02-18 23:00,-4,,63,
192,柳林,2021-02-19 00:00,-5,,66,
192,柳林,2021-02-19 01:00,-5.7,,72,
192,柳林,2021-02-19 02:00,-6.5,,75,
192,柳林,2021-02-19 03:00,-6.7,,78,
192,柳林,2021-02-19 04:00,-7.4,,81,
192,柳林,2021-02-19 05:00,-8.2,,84,
192,柳林,2021-02-19 06:00,-8.4,,86,
192,柳林,2021-02-19 07:00,-8.8,,86,
192,柳林,2021-02-19 08:00,-7.4,,83,
192,柳林,2021-02-19 09:00,-3.5,,79,
192,柳林,2021-02-19 10:00,.3,,64,
192,柳林,2021-02-19 11:00,3.5,,43,
192,柳林,2021-02-19 12:00,6.4,,38,
192,柳林,2021-02-19 13:00,8.4,,38,
192,柳林,2021-02-19 14:00,10.5,,35,
192,柳林,2021-02-19 15:00,11.8,,31,
192,柳林,2021-02-19 16:00,12.3,,25,
192,柳林,2021-02-19 17:00,11.8,,27,
192,柳林,2021-02-19 18:00,10.6,,33,
192,柳林,2021-02-19 19:00,9.5,,38,
192,柳林,2021-02-19 20:00,8.1,,41,
192,柳林,2021-02-19 21:00,7.5,,51,
192,柳林,2021-02-19 22:00,6.7,,59,
192,柳林,2021-02-19 23:00,6.9,,61,
192,柳林,2021-02-20 00:00,6.9,,65,
192,柳林,2021-02-20 01:00,6.8,,67,
192,柳林,2021-02-20 02:00,6,,73,
192,柳林,2021-02-20 03:00,6.5,,76,
192,柳林,2021-02-20 04:00,7,,74,
192,柳林,2021-02-20 05:00,6.7,,78,
192,柳林,2021-02-20 06:00,7.7,,76,
192,柳林,2021-02-20 07:00,8.1,,76,
192,柳林,2021-02-20 08:00,8.4,,75,
192,柳林,2021-02-20 09:00,10.8,,66,
192,柳林,2021-02-20 10:00,12.3,,60,
192,柳林,2021-02-20 11:00,14.3,,56,
192,柳林,2021-02-20 12:00,16,,49,
192,柳林,2021-02-20 13:00,17.6,,46,
192,柳林,2021-02-20 14:00,19,,37,
192,柳林,2021-02-20 15:00,19.7,,38,
192,柳林,2021-02-20 16:00,19.5,,39,
192,柳林,2021-02-20 17:00,18,,45,
192,柳林,2021-02-20 18:00,16.5,,47,
192,柳林,2021-02-20 19:00,14.3,,55,
192,柳林,2021-02-20 20:00,12.2,,61,
192,柳林,2021-02-20 21:00,11.7,,67,
192,柳林,2021-02-20 22:00,10.8,,71,
192,柳林,2021-02-20 23:00,10.3,,73,
192,柳林,2021-02-21 00:00,10.1,,74,
192,柳林,2021-02-21 01:00,10.1,,73,
192,柳林,2021-02-21 02:00,8.6,,74,
192,柳林,2021-02-21 03:00,5.7,,84,
192,柳林,2021-02-21 04:00,8.7,,81,
192,柳林,2021-02-21 05:00,6.3,,81,
192,柳林,2021-02-21 06:00,4.9,,86,
192,柳林,2021-02-21 07:00,3.6,,90,
192,柳林,2021-02-21 08:00,4.1,,88,
192,柳林,2021-02-21 09:00,8.9,,77,
192,柳林,2021-02-21 10:00,15.1,,56,
192,柳林,2021-02-21 11:00,17.8,,45,
192,柳林,2021-02-21 12:00,19.8,,38,
192,柳林,2021-02-21 13:00,21.4,,35,
192,柳林,2021-02-21 14:00,22.5,,32,
192,柳林,2021-02-21 15:00,23,,30,
192,柳林,2021-02-21 16:00,22.9,,27,
192,柳林,2021-02-21 17:00,22.1,,26,
192,柳林,2021-02-21 18:00,20.2,,30,
192,柳林,2021-02-21 19:00,17.9,,36,
192,柳林,2021-02-21 20:00,17.3,,38,
192,柳林,2021-02-21 21:00,14.1,,53,
192,柳林,2021-02-21 22:00,13.2,,62,
192,柳林,2021-02-21 23:00,13.3,,65,
192,柳林,2021-02-22 00:00,12.7,,71,
192,柳林,2021-02-22 01:00,12.9,,71,
192,柳林,2021-02-22 02:00,12.8,,78,
192,柳林,2021-02-22 03:00,12.8,,81,
192,柳林,2021-02-22 04:00,12.3,,83,
192,柳林,2021-02-22 05:00,12.3,,85,
192,柳林,2021-02-22 06:00,11.1,,86,
192,柳林,2021-02-22 07:00,11.3,,92,
192,柳林,2021-02-22 08:00,10,,87,
192,柳林,2021-02-22 09:00,9,,86,
192,柳林,2021-02-22 10:00,12,,77,
192,柳林,2021-02-22 11:00,17.5,,61,
192,柳林,2021-02-22 12:00,18.2,,59,
192,柳林,2021-02-22 13:00,19.7,,52,
192,柳林,2021-02-22 14:00,21.5,,46,
192,柳林,2021-02-22 15:00,21.3,,45,
192,柳林,2021-02-22 16:00,21.3,,47,
192,柳林,2021-02-22 17:00,20.2,,36,
192,柳林,2021-02-22 18:00,19.1,,31,
192,柳林,2021-02-22 19:00,16.9,,28,
192,柳林,2021-02-22 20:00,16.1,,27,
192,柳林,2021-02-22 21:00,13.8,,30,
192,柳林,2021-02-22 22:00,12.4,,30,
192,柳林,2021-02-22 23:00,10.8,,26,
192,柳林,2021-02-23 00:00,9.1,,24,
192,柳林,2021-02-23 01:00,8.8,,23,
192,柳林,2021-02-23 02:00,7.4,,25,
192,柳林,2021-02-23 03:00,6.8,,27,
192,柳林,2021-02-23 04:00,5.6,,31,
192,柳林,2021-02-23 05:00,5.3,,28,
192,柳林,2021-02-23 06:00,4.3,,28,
192,柳林,2021-02-23 07:00,2.1,,33,
192,柳林,2021-02-23 08:00,2,,37,
192,柳林,2021-02-23 09:00,4.5,,30,
192,柳林,2021-02-23 10:00,5.9,,28,
192,柳林,2021-02-23 11:00,8.2,,19,
192,柳林,2021-02-23 12:00,10.4,,18,
192,柳林,2021-02-23 13:00,11.6,,15,
192,柳林,2021-02-23 14:00,12.6,,14,
192,柳林,2021-02-23 15:00,13.6,,12,
192,柳林,2021-02-23 16:00,14,,12,
192,柳林,2021-02-23 17:00,12.2,,21,
192,柳林,2021-02-23 18:00,10.7,,23,
192,柳林,2021-02-23 19:00,8.6,,33,
192,柳林,2021-02-23 20:00,6,,41,
192,柳林,2021-02-23 21:00,4.5,,45,
192,柳林,2021-02-23 22:00,2.7,,50,
192,柳林,2021-02-23 23:00,1.5,,53,
192,柳林,2021-02-24 00:00,.4,,53,
192,柳林,2021-02-24 01:00,-.2,,54,
192,柳林,2021-02-24 02:00,-.5,,55,
192,柳林,2021-02-24 03:00,-1.6,,56,
192,柳林,2021-02-24 04:00,-2.1,,58,
192,柳林,2021-02-24 05:00,-2.2,,59,
192,柳林,2021-02-24 06:00,-1.9,,60,
192,柳林,2021-02-24 07:00,-1.5,,56,
192,柳林,2021-02-24 08:00,.1,,57,
192,柳林,2021-02-24 09:00,3.2,,39,
192,柳林,2021-02-24 10:00,4.5,,29,
192,柳林,2021-02-24 11:00,5.9,,25,
192,柳林,2021-02-24 12:00,6.6,,21,
192,柳林,2021-02-24 13:00,8.2,,18,
192,柳林,2021-02-24 14:00,9.5,,18,
192,柳林,2021-02-24 15:00,11,,17,
192,柳林,2021-02-24 16:00,10.8,,17,
192,柳林,2021-02-24 17:00,10.5,,23,
192,柳林,2021-02-24 18:00,9.5,,23,
192,柳林,2021-02-24 19:00,8.1,,26,
192,柳林,2021-02-24 20:00,4.6,,39,
192,柳林,2021-02-24 21:00,2.5,,48,
192,柳林,2021-02-24 22:00,1.4,,54,
192,柳林,2021-02-24 23:00,.5,,52,
192,柳林,2021-02-25 00:00,-.5,,60,
192,柳林,2021-02-25 01:00,-.7,,62,
192,柳林,2021-02-25 02:00,-.9,,63,
192,柳林,2021-02-25 03:00,-.7,,64,
192,柳林,2021-02-25 04:00,.1,,66,
192,柳林,2021-02-25 05:00,-.3,,66,
192,柳林,2021-02-25 06:00,-.6,,70,
192,柳林,2021-02-25 07:00,-.4,,72,
192,柳林,2021-02-25 08:00,1.4,,70,
192,柳林,2021-02-25 09:00,3.5,,68,
192,柳林,2021-02-25 10:00,4.6,,67,
192,柳林,2021-02-25 11:00,5.6,,64,
192,柳林,2021-02-25 12:00,6.5,0,64,
192,柳林,2021-02-25 13:00,7.1,,72,
192,柳林,2021-02-25 14:00,7.1,,75,
192,柳林,2021-02-25 15:00,7.8,.1,74,
192,柳林,2021-02-25 16:00,8,,75,
192,柳林,2021-02-25 17:00,7.1,,88,
192,柳林,2021-02-25 18:00,7,1.1,94,
192,柳林,2021-02-25 19:00,6.6,,95,
192,柳林,2021-02-25 20:00,6.1,,92,
192,柳林,2021-02-25 21:00,5.9,.6,91,
192,柳林,2021-02-25 22:00,5.5,,92,
192,柳林,2021-02-25 23:00,5.4,,94,
192,柳林,2021-02-26 00:00,5.1,.8,95,
192,柳林,2021-02-26 01:00,5,,97,
192,柳林,2021-02-26 02:00,5,,97,
192,柳林,2021-02-26 03:00,5,1.2,97,
192,柳林,2021-02-26 04:00,5.4,,95,
192,柳林,2021-02-26 05:00,5.5,,94,
192,柳林,2021-02-26 06:00,5.5,.9,96,
192,柳林,2021-02-26 07:00,5.8,,92,
192,柳林,2021-02-26 08:00,6.4,,88,
192,柳林,2021-02-26 09:00,7.5,.3,83,
192,柳林,2021-02-26 10:00,8.4,,78,
192,柳林,2021-02-26 11:00,9.5,,74,
192,柳林,2021-02-26 12:00,11,,69,
192,柳林,2021-02-26 13:00,12.3,,56,
192,柳林,2021-02-26 14:00,13.1,,46,
192,柳林,2021-02-26 15:00,13.6,,44,
192,柳林,2021-02-26 16:00,13.5,,40,
192,柳林,2021-02-26 17:00,12.1,,44,
192,柳林,2021-02-26 18:00,11.1,,43,
192,柳林,2021-02-26 19:00,10,,46,
192,柳林,2021-02-26 20:00,9.3,,50,
192,柳林,2021-02-26 21:00,8.6,,53,
192,柳林,2021-02-26 22:00,8.2,,55,
192,柳林,2021-02-26 23:00,7.9,,56,
192,柳林,2021-02-27 00:00,7,,58,
192,柳林,2021-02-27 01:00,6.8,,60,
192,柳林,2021-02-27 02:00,5.9,,64,
192,柳林,2021-02-27 03:00,4.6,,72,
192,柳林,2021-02-27 04:00,4.9,,69,
192,柳林,2021-02-27 05:00,4.5,,72,
192,柳林,2021-02-27 06:00,4.8,,74,
192,柳林,2021-02-27 07:00,4.8,,73,
192,柳林,2021-02-27 08:00,5.8,,70,
192,柳林,2021-02-27 09:00,7,,63,
192,柳林,2021-02-27 10:00,8.5,,56,
192,柳林,2021-02-27 11:00,9.5,,52,
192,柳林,2021-02-27 12:00,9.8,,50,
192,柳林,2021-02-27 13:00,10.7,,48,
192,柳林,2021-02-27 14:00,12,,45,
192,柳林,2021-02-27 15:00,12.3,,44,
192,柳林,2021-02-27 16:00,11.5,,43,
192,柳林,2021-02-27 17:00,10.8,,44,
192,柳林,2021-02-27 18:00,9.2,,48,
192,柳林,2021-02-27 19:00,7.9,,52,
192,柳林,2021-02-27 20:00,7.4,,53,
192,柳林,2021-02-27 21:00,6.7,,55,
192,柳林,2021-02-27 22:00,5.6,,61,
192,柳林,2021-02-27 23:00,5,,63,
192,柳林,2021-02-28 00:00,4.9,,63,
192,柳林,2021-02-28 01:00,4.3,,66,
192,柳林,2021-02-28 02:00,3.7,,68,
192,柳林,2021-02-28 03:00,3.6,,70,
192,柳林,2021-02-28 04:00,3.2,,73,
192,柳林,2021-02-28 05:00,3.5,,75,
192,柳林,2021-02-28 06:00,3.9,,73,
192,柳林,2021-02-28 07:00,3.1,,77,
192,柳林,2021-02-28 08:00,3.7,,79,
192,柳林,2021-02-28 09:00,5,,72,
192,柳林,2021-02-28 10:00,7.1,,64,
192,柳林,2021-02-28 11:00,9.3,,57,
192,柳林,2021-02-28 12:00,10.6,,57,
192,柳林,2021-02-28 13:00,10.8,,59,
192,柳林,2021-02-28 14:00,11.3,,61,
192,柳林,2021-02-28 15:00,11.2,0,66,
192,柳林,2021-02-28 16:00,10.4,,74,
192,柳林,2021-02-28 17:00,9.4,,84,
192,柳林,2021-02-28 18:00,8.8,.2,91,
192,柳林,2021-02-28 19:00,8.8,,93,
192,柳林,2021-02-28 20:00,8.3,,94,
192,柳林,2021-02-28 21:00,8.3,,94,
192,柳林,2021-02-28 22:00,8.5,,93,
192,柳林,2021-02-28 23:00,8.3,,94,
192,柳林,2021-03-01 00:00,8.1,0,94,
192,柳林,2021-03-01 01:00,8,,95,
192,柳林,2021-03-01 02:00,7.8,,96,
192,柳林,2021-03-01 03:00,7.5,,97,
192,柳林,2021-03-01 04:00,7.3,,97,
192,柳林,2021-03-01 05:00,7.3,,98,
192,柳林,2021-03-01 06:00,7.5,,97,
192,柳林,2021-03-01 07:00,7.6,,97,
192,柳林,2021-03-01 08:00,7.9,,96,
192,柳林,2021-03-01 09:00,8.1,.1,97,
192,柳林,2021-03-01 10:00,8.3,,98,
192,柳林,2021-03-01 11:00,8.6,,98,
192,柳林,2021-03-01 12:00,9.2,3.5,99,
192,柳林,2021-03-01 13:00,14,,100,
192,柳林,2021-03-01 14:00,15.1,,94,
192,柳林,2021-03-01 15:00,15.3,9.7,95,
192,柳林,2021-03-01 16:00,15.5,,95,
192,柳林,2021-03-01 17:00,15.6,,95,
192,柳林,2021-03-01 18:00,15.8,17.3,96,
192,柳林,2021-03-01 19:00,15.3,,96,
192,柳林,2021-03-01 20:00,14.8,,95,
192,柳林,2021-03-01 21:00,14.1,4.3,91,
192,柳林,2021-03-01 22:00,12.9,,94,
192,柳林,2021-03-01 23:00,12.1,,97,
192,柳林,2021-03-02 00:00,11,3.7,91,
192,柳林,2021-03-02 01:00,7.4,,89,
192,柳林,2021-03-02 02:00,6.5,,91,
192,柳林,2021-03-02 03:00,5.6,1.5,94,
192,柳林,2021-03-02 04:00,5.1,,90,
192,柳林,2021-03-02 05:00,4.5,,86,
192,柳林,2021-03-02 06:00,4.3,.4,87,
192,柳林,2021-03-02 07:00,4,,88,
192,柳林,2021-03-02 08:00,4.1,,85,
192,柳林,2021-03-02 09:00,5,,81,
192,柳林,2021-03-02 10:00,6.3,,76,
192,柳林,2021-03-02 11:00,7.7,,71,
192,柳林,2021-03-02 12:00,7.4,,66,
192,柳林,2021-03-02 13:00,8.1,,61,
192,柳林,2021-03-02 14:00,9.2,,57,
192,柳林,2021-03-02 15:00,9.9,,56,
192,柳林,2021-03-02 16:00,9,,55,
192,柳林,2021-03-02 17:00,9,,55,
192,柳林,2021-03-02 18:00,7.3,,56,
192,柳林,2021-03-02 19:00,6,,62,
192,柳林,2021-03-02 20:00,4.4,,70,
192,柳林,2021-03-02 21:00,2.8,,77,
192,柳林,2021-03-02 22:00,.7,,86,
192,柳林,2021-03-02 23:00,-.1,,90,
192,柳林,2021-03-03 00:00,-.8,,93,
192,柳林,2021-03-03 01:00,-1.3,,95,
192,柳林,2021-03-03 02:00,-1.8,,95,
192,柳林,2021-03-03 03:00,-2,,96,
192,柳林,2021-03-03 04:00,-2.5,,96,
192,柳林,2021-03-03 05:00,-2.8,,96,
192,柳林,2021-03-03 06:00,-3.1,,96,
192,柳林,2021-03-03 07:00,-3.3,,95,
192,柳林,2021-03-03 08:00,-1.8,,95,
192,柳林,2021-03-03 09:00,1.6,,85,
192,柳林,2021-03-03 10:00,4.5,,69,
192,柳林,2021-03-03 11:00,6.1,,55,
192,柳林,2021-03-03 12:00,7.3,,53,
192,柳林,2021-03-03 13:00,8.9,,47,
192,柳林,2021-03-03 14:00,9.8,,46,
192,柳林,2021-03-03 15:00,10.7,,41,
192,柳林,2021-03-03 16:00,10.8,,42,
192,柳林,2021-03-03 17:00,10.1,,44,
192,柳林,2021-03-03 18:00,8.5,,46,
192,柳林,2021-03-03 19:00,7.5,,49,
192,柳林,2021-03-03 20:00,6.1,,62,
192,柳林,2021-03-03 21:00,4.8,,71,
192,柳林,2021-03-03 22:00,4.2,,76,
192,柳林,2021-03-03 23:00,3.4,,81,
192,柳林,2021-03-04 00:00,2.7,,85,
192,柳林,2021-03-04 01:00,2,,87,
192,柳林,2021-03-04 02:00,1.2,,91,
192,柳林,2021-03-04 03:00,1.1,,92,
192,柳林,2021-03-04 04:00,.9,,92,
192,柳林,2021-03-04 05:00,1.2,,92,
192,柳林,2021-03-04 06:00,1.5,,91,
192,柳林,2021-03-04 07:00,1.2,,92,
192,柳林,2021-03-04 08:00,3.3,,88,
192,柳林,2021-03-04 09:00,4.3,,82,
192,柳林,2021-03-04 10:00,5.5,,75,
192,柳林,2021-03-04 11:00,6.6,,73,
192,柳林,2021-03-04 12:00,7.4,,73,
192,柳林,2021-03-04 13:00,8.4,,70,
192,柳林,2021-03-04 14:00,7.8,,81,
192,柳林,2021-03-04 15:00,6.9,.5,91,
192,柳林,2021-03-04 16:00,6.9,,96,
192,柳林,2021-03-04 17:00,7.1,,97,
192,柳林,2021-03-04 18:00,7,4.2,97,
192,柳林,2021-03-04 19:00,7.4,,97,
192,柳林,2021-03-04 20:00,7.3,,96,
192,柳林,2021-03-04 21:00,7.1,2.4,97,
192,柳林,2021-03-04 22:00,7,,93,
192,柳林,2021-03-04 23:00,6.5,,95,
192,柳林,2021-03-05 00:00,6.4,.4,97,
192,柳林,2021-03-05 01:00,6.5,,98,
192,柳林,2021-03-05 02:00,6.4,,97,
192,柳林,2021-03-05 03:00,5.9,,97,
192,柳林,2021-03-05 04:00,4.5,,98,
192,柳林,2021-03-05 05:00,3.2,,99,
192,柳林,2021-03-05 06:00,3,,99,
192,柳林,2021-03-05 07:00,2.5,,100,
192,柳林,2021-03-05 08:00,3.5,,100,
192,柳林,2021-03-05 09:00,7.1,,100,
192,柳林,2021-03-05 10:00,9.6,,85,
192,柳林,2021-03-05 11:00,13.1,,71,
192,柳林,2021-03-05 12:00,15.1,,62,
192,柳林,2021-03-05 13:00,16.7,,59,
192,柳林,2021-03-05 14:00,18.1,,49,
192,柳林,2021-03-05 15:00,19.6,,30,
192,柳林,2021-03-05 16:00,19.6,,30,
192,柳林,2021-03-05 17:00,18.6,,42,
192,柳林,2021-03-05 18:00,16.2,,55,
192,柳林,2021-03-05 19:00,14.5,,64,
192,柳林,2021-03-05 20:00,12.4,,73,
192,柳林,2021-03-05 21:00,10.6,,82,
192,柳林,2021-03-05 22:00,9.3,,89,
192,柳林,2021-03-05 23:00,9.3,,91,
192,柳林,2021-03-06 00:00,7.6,,95,
192,柳林,2021-03-06 01:00,7.2,,96,
192,柳林,2021-03-06 02:00,5.6,,96,
192,柳林,2021-03-06 03:00,5.3,,97,
192,柳林,2021-03-06 04:00,4.9,,98,
192,柳林,2021-03-06 05:00,3.6,,98,
192,柳林,2021-03-06 06:00,3,,98,
192,柳林,2021-03-06 07:00,2.4,,98,
192,柳林,2021-03-06 08:00,3.8,,99,
192,柳林,2021-03-06 09:00,7.1,,87,
192,柳林,2021-03-06 10:00,11.4,,69,
192,柳林,2021-03-06 11:00,13.6,,56,
192,柳林,2021-03-06 12:00,15.1,,55,
192,柳林,2021-03-06 13:00,14.5,,54,
192,柳林,2021-03-06 14:00,12.1,,60,
192,柳林,2021-03-06 15:00,10.6,,61,
192,柳林,2021-03-06 16:00,9.6,,61,
192,柳林,2021-03-06 17:00,9.1,,62,
192,柳林,2021-03-06 18:00,8.3,,62,
192,柳林,2021-03-06 19:00,7.5,,65,
192,柳林,2021-03-06 20:00,6.8,,66,
192,柳林,2021-03-06 21:00,6.3,,67,
192,柳林,2021-03-06 22:00,6,,67,
192,柳林,2021-03-06 23:00,5.6,,68,
192,柳林,2021-03-07 00:00,5.3,,71,
192,柳林,2021-03-07 01:00,5,,73,
192,柳林,2021-03-07 02:00,4.8,,74,
192,柳林,2021-03-07 03:00,4.6,,75,
192,柳林,2021-03-07 04:00,4.5,,76,
192,柳林,2021-03-07 05:00,4.5,,76,
192,柳林,2021-03-07 06:00,4.5,,76,
192,柳林,2021-03-07 07:00,4.4,,77,
192,柳林,2021-03-07 08:00,4.6,,76,
192,柳林,2021-03-07 09:00,5.1,,74,
192,柳林,2021-03-07 10:00,6.1,,69,
192,柳林,2021-03-07 11:00,6.8,,66,
192,柳林,2021-03-07 12:00,7.6,,61,
192,柳林,2021-03-07 13:00,8.6,,60,
192,柳林,2021-03-07 14:00,9.5,,56,
192,柳林,2021-03-07 15:00,11.1,,55,
192,柳林,2021-03-07 16:00,11.6,,51,
192,柳林,2021-03-07 17:00,11.1,,53,
192,柳林,2021-03-07 18:00,10.1,,57,
192,柳林,2021-03-07 19:00,8.8,,62,
192,柳林,2021-03-07 20:00,7.4,,70,
192,柳林,2021-03-07 21:00,5.9,,80,
192,柳林,2021-03-07 22:00,5.1,,82,
192,柳林,2021-03-07 23:00,3.5,,88,
192,柳林,2021-03-08 00:00,2.5,,90,
192,柳林,2021-03-08 01:00,1.7,,94,
192,柳林,2021-03-08 02:00,1.1,,95,
192,柳林,2021-03-08 03:00,.6,,96,
192,柳林,2021-03-08 04:00,-.2,,96,
192,柳林,2021-03-08 05:00,-.6,,97,
192,柳林,2021-03-08 06:00,-.7,,97,
192,柳林,2021-03-08 07:00,-1,,97,
192,柳林,2021-03-08 08:00,.6,,97,
192,柳林,2021-03-08 09:00,4.5,,89,
192,柳林,2021-03-08 10:00,7.4,,74,
192,柳林,2021-03-08 11:00,10.4,,61,
192,柳林,2021-03-08 12:00,11.8,,50,
192,柳林,2021-03-08 13:00,14.1,,37,
192,柳林,2021-03-08 14:00,14.2,,37,
192,柳林,2021-03-08 15:00,15.3,,33,
192,柳林,2021-03-08 16:00,14.1,,44,
192,柳林,2021-03-08 17:00,12.7,,48,
192,柳林,2021-03-08 18:00,11.1,,57,
192,柳林,2021-03-08 19:00,9.3,,71,
192,柳林,2021-03-08 20:00,7.8,,73,
192,柳林,2021-03-08 21:00,7.5,,76,
192,柳林,2021-03-08 22:00,8.1,,75,
192,柳林,2021-03-08 23:00,8.1,,74,
192,柳林,2021-03-09 00:00,8,,74,
192,柳林,2021-03-09 01:00,7.6,,76,
192,柳林,2021-03-09 02:00,7.5,,77,
192,柳林,2021-03-09 03:00,7.3,,80,
192,柳林,2021-03-09 04:00,7,,81,
192,柳林,2021-03-09 05:00,6.6,,82,
192,柳林,2021-03-09 06:00,6,,84,
192,柳林,2021-03-09 07:00,5.6,,87,
192,柳林,2021-03-09 08:00,6.8,,82,
192,柳林,2021-03-09 09:00,7.9,,74,
192,柳林,2021-03-09 10:00,9.1,,66,
192,柳林,2021-03-09 11:00,11.3,,61,
192,柳林,2021-03-09 12:00,12.1,,58,
192,柳林,2021-03-09 13:00,13.4,,48,
192,柳林,2021-03-09 14:00,14.3,,45,
192,柳林,2021-03-09 15:00,15,,45,
192,柳林,2021-03-09 16:00,15,,49,
192,柳林,2021-03-09 17:00,14,,52,
192,柳林,2021-03-09 18:00,12.5,,55,
192,柳林,2021-03-09 19:00,11.1,,62,
192,柳林,2021-03-09 20:00,9.6,,68,
192,柳林,2021-03-09 21:00,8.3,,76,
192,柳林,2021-03-09 22:00,7,,84,
192,柳林,2021-03-09 23:00,6,,87,
192,柳林,2021-03-10 00:00,4.5,,88,
192,柳林,2021-03-10 01:00,4.3,,86,
192,柳林,2021-03-10 02:00,3.1,,88,
192,柳林,2021-03-10 03:00,2.7,,87,
192,柳林,2021-03-10 04:00,1.7,,90,
192,柳林,2021-03-10 05:00,.6,,91,
192,柳林,2021-03-10 06:00,.8,,92,
192,柳林,2021-03-10 07:00,2.1,,88,
192,柳林,2021-03-10 08:00,4.1,,85,
192,柳林,2021-03-10 09:00,8.6,,54,
192,柳林,2021-03-10 10:00,11.8,,45,
192,柳林,2021-03-10 11:00,13.4,,41,
192,柳林,2021-03-10 12:00,14.7,,38,
192,柳林,2021-03-10 13:00,15.6,,36,
192,柳林,2021-03-10 14:00,16.6,,34,
192,柳林,2021-03-10 15:00,17.4,,30,
192,柳林,2021-03-10 16:00,17.8,,30,
192,柳林,2021-03-10 17:00,16.8,,37,
192,柳林,2021-03-10 18:00,13.5,,52,
192,柳林,2021-03-10 19:00,11.4,,57,
192,柳林,2021-03-10 20:00,8.8,,63,
192,柳林,2021-03-10 21:00,6.3,,71,
192,柳林,2021-03-10 22:00,5.4,,78,
192,柳林,2021-03-10 23:00,4.4,,85,
192,柳林,2021-03-11 00:00,3.4,,86,
192,柳林,2021-03-11 01:00,2.7,,90,
192,柳林,2021-03-11 02:00,1.7,,92,
192,柳林,2021-03-11 03:00,1.7,,94,
192,柳林,2021-03-11 04:00,1.3,,94,
192,柳林,2021-03-11 05:00,1.2,,94,
192,柳林,2021-03-11 06:00,1.2,,95,
192,柳林,2021-03-11 07:00,1,,95,
192,柳林,2021-03-11 08:00,2.7,,92,
192,柳林,2021-03-11 09:00,6.3,,81,
192,柳林,2021-03-11 10:00,9.3,,61,
192,柳林,2021-03-11 11:00,12.1,,50,
192,柳林,2021-03-11 12:00,13.6,,44,
192,柳林,2021-03-11 13:00,14.5,,39,
192,柳林,2021-03-11 14:00,16.2,,38,
192,柳林,2021-03-11 15:00,17.2,,39,
192,柳林,2021-03-11 16:00,16.6,,41,
192,柳林,2021-03-11 17:00,15.3,,46,
192,柳林,2021-03-11 18:00,14.3,,52,
192,柳林,2021-03-11 19:00,12.6,,62,
192,柳林,2021-03-11 20:00,12.6,,63,
192,柳林,2021-03-11 21:00,11.3,,70,
192,柳林,2021-03-11 22:00,11.3,,73,
192,柳林,2021-03-11 23:00,10.6,,77,
192,柳林,2021-03-12 00:00,9.5,.7,94,
192,柳林,2021-03-12 01:00,9.1,,97,
192,柳林,2021-03-12 02:00,9.1,,97,
192,柳林,2021-03-12 03:00,8.8,3.3,97,
192,柳林,2021-03-12 04:00,8.6,,96,
192,柳林,2021-03-12 05:00,8.6,,96,
192,柳林,2021-03-12 06:00,8.5,8.1,97,
192,柳林,2021-03-12 07:00,8.5,,95,
192,柳林,2021-03-12 08:00,8.6,,95,
192,柳林,2021-03-12 09:00,8.8,4.5,95,
192,柳林,2021-03-12 10:00,9,,94,
192,柳林,2021-03-12 11:00,9,,94,
192,柳林,2021-03-12 12:00,9,2.9,94,
192,柳林,2021-03-12 13:00,9,,94,
192,柳林,2021-03-12 14:00,9.1,,94,
192,柳林,2021-03-12 15:00,9.6,5.8,93,
192,柳林,2021-03-12 16:00,10.3,,89,
192,柳林,2021-03-12 17:00,10.1,,87,
192,柳林,2021-03-12 18:00,9.6,.4,87,
192,柳林,2021-03-12 19:00,9.3,,88,
192,柳林,2021-03-12 20:00,9,,86,
192,柳林,2021-03-12 21:00,9.1,.2,82,
192,柳林,2021-03-12 22:00,9.3,,79,
192,柳林,2021-03-12 23:00,9.3,,76,
192,柳林,2021-03-13 00:00,8.8,,76,
192,柳林,2021-03-13 01:00,8.6,,75,
192,柳林,2021-03-13 02:00,6.3,,89,
192,柳林,2021-03-13 03:00,4.7,,95,
192,柳林,2021-03-13 04:00,3.6,,97,
192,柳林,2021-03-13 05:00,2.8,,98,
192,柳林,2021-03-13 06:00,2.1,,98,
192,柳林,2021-03-13 07:00,2.1,,99,
192,柳林,2021-03-13 08:00,4.4,,99,
192,柳林,2021-03-13 09:00,7.9,,84,
192,柳林,2021-03-13 10:00,10.6,,66,
192,柳林,2021-03-13 11:00,12.3,,56,
192,柳林,2021-03-13 12:00,13.5,,49,
192,柳林,2021-03-13 13:00,14,,46,
192,柳林,2021-03-13 14:00,15,,40,
192,柳林,2021-03-13 15:00,16.7,,41,
192,柳林,2021-03-13 16:00,15.1,,46,
192,柳林,2021-03-13 17:00,15.2,,47,
192,柳林,2021-03-13 18:00,13.1,,54,
192,柳林,2021-03-13 19:00,11,,65,
192,柳林,2021-03-13 20:00,8.8,,75,
192,柳林,2021-03-13 21:00,7.3,,84,
192,柳林,2021-03-13 22:00,6.1,,91,
192,柳林,2021-03-13 23:00,5.1,,93,
192,柳林,2021-03-14 00:00,4.6,,95,
192,柳林,2021-03-14 01:00,3.9,,96,
192,柳林,2021-03-14 02:00,3.3,,97,
192,柳林,2021-03-14 03:00,2.9,,97,
192,柳林,2021-03-14 04:00,3.4,,98,
192,柳林,2021-03-14 05:00,3.9,,99,
192,柳林,2021-03-14 06:00,4.3,,99,
192,柳林,2021-03-14 07:00,4,,100,
192,柳林,2021-03-14 08:00,4.4,,100,
192,柳林,2021-03-14 09:00,5.5,,100,
192,柳林,2021-03-14 10:00,9.3,,80,
192,柳林,2021-03-14 11:00,13.2,,62,
192,柳林,2021-03-14 12:00,15.3,,48,
192,柳林,2021-03-14 13:00,16.6,,43,
192,柳林,2021-03-14 14:00,16,,44,
192,柳林,2021-03-14 15:00,16.8,,40,
192,柳林,2021-03-14 16:00,17,,38,
192,柳林,2021-03-14 17:00,16.2,,40,
192,柳林,2021-03-14 18:00,15.2,,43,
192,柳林,2021-03-14 19:00,11.7,,58,
192,柳林,2021-03-14 20:00,10,,67,
192,柳林,2021-03-14 21:00,7.9,,77,
192,柳林,2021-03-14 22:00,7,,81,
192,柳林,2021-03-14 23:00,6.3,,84,
192,柳林,2021-03-15 00:00,5.6,,89,
192,柳林,2021-03-15 01:00,4.4,,90,
192,柳林,2021-03-15 02:00,4,,94,
192,柳林,2021-03-15 03:00,3,,95,
192,柳林,2021-03-15 04:00,2.5,,96,
192,柳林,2021-03-15 05:00,1.7,,96,
192,柳林,2021-03-15 06:00,1.7,,97,
192,柳林,2021-03-15 07:00,1.5,,98,
192,柳林,2021-03-15 08:00,3.4,,96,
192,柳林,2021-03-15 09:00,7.7,,86,
192,柳林,2021-03-15 10:00,10.6,,73,
192,柳林,2021-03-15 11:00,14,,52,
192,柳林,2021-03-15 12:00,15.1,,51,
192,柳林,2021-03-15 13:00,16.1,,53,
192,柳林,2021-03-15 14:00,16.3,,53,
192,柳林,2021-03-15 15:00,17,,54,
192,柳林,2021-03-15 16:00,16.2,,56,
192,柳林,2021-03-15 17:00,15.4,,61,
192,柳林,2021-03-15 18:00,14.3,,67,
192,柳林,2021-03-15 19:00,13.6,,72,
192,柳林,2021-03-15 20:00,13.6,,73,
192,柳林,2021-03-15 21:00,13.3,,76,
192,柳林,2021-03-15 22:00,13.6,,76,
192,柳林,2021-03-15 23:00,12.9,,81,
192,柳林,2021-03-16 00:00,11.7,.3,93,
192,柳林,2021-03-16 01:00,11.6,,97,
192,柳林,2021-03-16 02:00,11.6,,99,
192,柳林,2021-03-16 03:00,11.9,1.7,99,
192,柳林,2021-03-16 04:00,12.1,,99,
192,柳林,2021-03-16 05:00,12,,99,
192,柳林,2021-03-16 06:00,11.8,.1,99,
192,柳林,2021-03-16 07:00,12.1,,100,
192,柳林,2021-03-16 08:00,12.2,,99,
192,柳林,2021-03-16 09:00,12.3,,99,
192,柳林,2021-03-16 10:00,14.5,,91,
192,柳林,2021-03-16 11:00,18,,68,
192,柳林,2021-03-16 12:00,19,,60,
192,柳林,2021-03-16 13:00,20.9,,42,
192,柳林,2021-03-16 14:00,21.3,,26,
192,柳林,2021-03-16 15:00,21.7,,22,
192,柳林,2021-03-16 16:00,21.7,,18,
192,柳林,2021-03-16 17:00,21.3,,14,
192,柳林,2021-03-16 18:00,19.6,,17,
192,柳林,2021-03-16 19:00,15.9,,23,
192,柳林,2021-03-16 20:00,11.8,,36,
192,柳林,2021-03-16 21:00,9.8,,49,
192,柳林,2021-03-16 22:00,7.8,,58,
192,柳林,2021-03-16 23:00,6.5,,66,
192,柳林,2021-03-17 00:00,5.2,,71,
192,柳林,2021-03-17 01:00,3.6,,75,
192,柳林,2021-03-17 02:00,3,,77,
192,柳林,2021-03-17 03:00,2.5,,78,
192,柳林,2021-03-17 04:00,1.5,,83,
192,柳林,2021-03-17 05:00,.9,,85,
192,柳林,2021-03-17 06:00,.7,,87,
192,柳林,2021-03-17 07:00,.8,,88,
192,柳林,2021-03-17 08:00,3.6,,80,
192,柳林,2021-03-17 09:00,8.3,,60,
192,柳林,2021-03-17 10:00,11.3,,37,
192,柳林,2021-03-17 11:00,13.5,,30,
192,柳林,2021-03-17 12:00,14.8,,28,
192,柳林,2021-03-17 13:00,16.1,,24,
192,柳林,2021-03-17 14:00,17.7,,21,
192,柳林,2021-03-17 15:00,18.3,,19,
192,柳林,2021-03-17 16:00,18.8,,19,
192,柳林,2021-03-17 17:00,17.5,,32,
192,柳林,2021-03-17 18:00,14.5,,48,
192,柳林,2021-03-17 19:00,12.8,,61,
192,柳林,2021-03-17 20:00,10.3,,72,
192,柳林,2021-03-17 21:00,9.1,,77,
192,柳林,2021-03-17 22:00,7.6,,84,
192,柳林,2021-03-17 23:00,6.6,,88,
192,柳林,2021-03-18 00:00,5.7,,91,
192,柳林,2021-03-18 01:00,5,,93,
192,柳林,2021-03-18 02:00,4.1,,95,
192,柳林,2021-03-18 03:00,4,,96,
192,柳林,2021-03-18 04:00,3.5,,96,
192,柳林,2021-03-18 05:00,3,,97,
192,柳林,2021-03-18 06:00,3,,98,
192,柳林,2021-03-18 07:00,3,,98,
192,柳林,2021-03-18 08:00,5.5,,96,
192,柳林,2021-03-18 09:00,9.4,,81,
192,柳林,2021-03-18 10:00,12.1,,66,
192,柳林,2021-03-18 11:00,13.9,,56,
192,柳林,2021-03-18 12:00,15.4,,53,
192,柳林,2021-03-18 13:00,17,,42,
192,柳林,2021-03-18 14:00,17.5,,43,
192,柳林,2021-03-18 15:00,18.5,,43,
192,柳林,2021-03-18 16:00,18.8,,41,
192,柳林,2021-03-18 17:00,17.8,,50,
192,柳林,2021-03-18 18:00,16.1,,54,
192,柳林,2021-03-18 19:00,13.8,,64,
192,柳林,2021-03-18 20:00,12.3,,68,
192,柳林,2021-03-18 21:00,10,,78,
192,柳林,2021-03-18 22:00,10.1,,77,
192,柳林,2021-03-18 23:00,9.8,,76,
192,柳林,2021-03-19 00:00,9.6,,78,
192,柳林,2021-03-19 01:00,8.6,,82,
192,柳林,2021-03-19 02:00,7.7,,88,
192,柳林,2021-03-19 03:00,7.3,,86,
192,柳林,2021-03-19 04:00,7.2,,87,
192,柳林,2021-03-19 05:00,7.4,,84,
192,柳林,2021-03-19 06:00,7.3,,83,
192,柳林,2021-03-19 07:00,8.5,,77,
192,柳林,2021-03-19 08:00,9.7,,71,
192,柳林,2021-03-19 09:00,11.3,,64,
192,柳林,2021-03-19 10:00,13,,59,
192,柳林,2021-03-19 11:00,14.8,,52,
192,柳林,2021-03-19 12:00,15.6,,50,
192,柳林,2021-03-19 13:00,17.1,,43,
192,柳林,2021-03-19 14:00,17.6,,42,
192,柳林,2021-03-19 15:00,18.2,,39,
192,柳林,2021-03-19 16:00,19.1,,38,
192,柳林,2021-03-19 17:00,17.4,,48,
192,柳林,2021-03-19 18:00,14.7,,55,
192,柳林,2021-03-19 19:00,13.3,,63,
192,柳林,2021-03-19 20:00,12.4,,65,
192,柳林,2021-03-19 21:00,12.1,,65,
192,柳林,2021-03-19 22:00,12.6,,56,
192,柳林,2021-03-19 23:00,12.1,,57,
192,柳林,2021-03-20 00:00,11.6,,59,
192,柳林,2021-03-20 01:00,11.3,,60,
192,柳林,2021-03-20 02:00,11,,62,
192,柳林,2021-03-20 03:00,10.1,0,74,
192,柳林,2021-03-20 04:00,8.6,,90,
192,柳林,2021-03-20 05:00,8.3,,90,
192,柳林,2021-03-20 06:00,7.9,1.8,91,
192,柳林,2021-03-20 07:00,8,,92,
192,柳林,2021-03-20 08:00,7.9,,95,
192,柳林,2021-03-20 09:00,7.8,5.7,96,
192,柳林,2021-03-20 10:00,8.1,,97,
192,柳林,2021-03-20 11:00,8.7,,97,
192,柳林,2021-03-20 12:00,9.4,4.4,97,
192,柳林,2021-03-20 13:00,9.9,,97,
192,柳林,2021-03-20 14:00,10.3,,95,
192,柳林,2021-03-20 15:00,10.8,.8,97,
192,柳林,2021-03-20 16:00,11.1,,96,
192,柳林,2021-03-20 17:00,11.7,,92,
192,柳林,2021-03-20 18:00,11.2,.1,94,
192,柳林,2021-03-20 19:00,11.1,,95,
192,柳林,2021-03-20 20:00,11.1,,95,
192,柳林,2021-03-20 21:00,10.8,,97,
192,柳林,2021-03-20 22:00,10.6,,95,
192,柳林,2021-03-20 23:00,10.6,,94,
192,柳林,2021-03-21 00:00,9.7,,97,
192,柳林,2021-03-21 01:00,9.5,,98,
192,柳林,2021-03-21 02:00,9.8,,99,
192,柳林,2021-03-21 03:00,10,,97,
192,柳林,2021-03-21 04:00,10,,97,
192,柳林,2021-03-21 05:00,9.6,,71,
192,柳林,2021-03-21 06:00,8.1,,71,
192,柳林,2021-03-21 07:00,7.5,,72,
192,柳林,2021-03-21 08:00,8.6,,64,
192,柳林,2021-03-21 09:00,10.2,,60,
192,柳林,2021-03-21 10:00,11.3,,53,
192,柳林,2021-03-21 11:00,12.5,,53,
192,柳林,2021-03-21 12:00,12.6,,39,
192,柳林,2021-03-21 13:00,12.6,,40,
192,柳林,2021-03-21 14:00,12.2,,37,
192,柳林,2021-03-21 15:00,12,,38,
192,柳林,2021-03-21 16:00,11.5,,31,
192,柳林,2021-03-21 17:00,10.3,,31,
192,柳林,2021-03-21 18:00,8.8,,33,
192,柳林,2021-03-21 19:00,7.2,,42,
192,柳林,2021-03-21 20:00,6.4,,48,
192,柳林,2021-03-21 21:00,6,,51,
192,柳林,2021-03-21 22:00,5.6,,50,
192,柳林,2021-03-21 23:00,5.2,,51,
192,柳林,2021-03-22 00:00,5.3,,50,
192,柳林,2021-03-22 01:00,5,,50,
192,柳林,2021-03-22 02:00,4.8,,52,
192,柳林,2021-03-22 03:00,4.9,,50,
192,柳林,2021-03-22 04:00,4.5,,50,
192,柳林,2021-03-22 05:00,4.3,,49,
192,柳林,2021-03-22 06:00,4,,48,
192,柳林,2021-03-22 07:00,2.3,,56,
192,柳林,2021-03-22 08:00,5.3,,45,
192,柳林,2021-03-22 09:00,6.6,,39,
192,柳林,2021-03-22 10:00,8.5,,34,
192,柳林,2021-03-22 11:00,9.4,,31,
192,柳林,2021-03-22 12:00,10.9,,26,
192,柳林,2021-03-22 13:00,12,,25,
192,柳林,2021-03-22 14:00,12.4,,26,
192,柳林,2021-03-22 15:00,12.3,,25,
192,柳林,2021-03-22 16:00,11.8,,26,
192,柳林,2021-03-22 17:00,12.3,,26,
192,柳林,2021-03-22 18:00,11.3,,28,
192,柳林,2021-03-22 19:00,10.1,,31,
192,柳林,2021-03-22 20:00,6.1,,45,
192,柳林,2021-03-22 21:00,7.2,,41,
192,柳林,2021-03-22 22:00,4.5,,54,
192,柳林,2021-03-22 23:00,2.7,,61,
192,柳林,2021-03-23 00:00,1.2,,68,
192,柳林,2021-03-23 01:00,.3,,71,
192,柳林,2021-03-23 02:00,-.5,,75,
192,柳林,2021-03-23 03:00,-1.2,,80,
192,柳林,2021-03-23 04:00,-1.2,,81,
192,柳林,2021-03-23 05:00,-1.9,,85,
192,柳林,2021-03-23 06:00,-2.2,,87,
192,柳林,2021-03-23 07:00,-1.9,,88,
192,柳林,2021-03-23 08:00,1.8,,81,
192,柳林,2021-03-23 09:00,5.9,,69,
192,柳林,2021-03-23 10:00,9.7,,55,
192,柳林,2021-03-23 11:00,11.8,,47,
192,柳林,2021-03-23 12:00,14.5,,40,
192,柳林,2021-03-23 13:00,16,,41,
192,柳林,2021-03-23 14:00,18,,25,
192,柳林,2021-03-23 15:00,18.2,,31,
192,柳林,2021-03-23 16:00,18.5,,27,
192,柳林,2021-03-23 17:00,17.7,,29,
192,柳林,2021-03-23 18:00,16.7,,34,
192,柳林,2021-03-23 19:00,13.8,,48,
192,柳林,2021-03-23 20:00,11,,59,
192,柳林,2021-03-23 21:00,11.4,,52,
192,柳林,2021-03-23 22:00,10.9,,55,
192,柳林,2021-03-23 23:00,8.2,,66,
192,柳林,2021-03-24 00:00,9.6,,53,
192,柳林,2021-03-24 01:00,9.3,,54,
192,柳林,2021-03-24 02:00,6.3,,62,
192,柳林,2021-03-24 03:00,3.4,,79,
192,柳林,2021-03-24 04:00,2,,83,
192,柳林,2021-03-24 05:00,1.5,,86,
192,柳林,2021-03-24 06:00,1,,88,
192,柳林,2021-03-24 07:00,1.5,,88,
192,柳林,2021-03-24 08:00,5.1,,79,
192,柳林,2021-03-24 09:00,7.9,,68,
192,柳林,2021-03-24 10:00,10.8,,53,
192,柳林,2021-03-24 11:00,13.5,,45,
192,柳林,2021-03-24 12:00,14.6,,40,
192,柳林,2021-03-24 13:00,15.8,,42,
192,柳林,2021-03-24 14:00,16.3,,42,
192,柳林,2021-03-24 15:00,16.7,,44,
192,柳林,2021-03-24 16:00,16.4,,45,
192,柳林,2021-03-24 17:00,16,,52,
192,柳林,2021-03-24 18:00,15.1,,53,
192,柳林,2021-03-24 19:00,14.1,,60,
192,柳林,2021-03-24 20:00,13.3,,69,
192,柳林,2021-03-24 21:00,12.7,,74,
192,柳林,2021-03-24 22:00,12,,76,
192,柳林,2021-03-24 23:00,9.6,,87,
192,柳林,2021-03-25 00:00,7.9,,93,
192,柳林,2021-03-25 01:00,6.5,,94,
192,柳林,2021-03-25 02:00,6.3,,95,
192,柳林,2021-03-25 03:00,5.5,,95,
192,柳林,2021-03-25 04:00,5,,95,
192,柳林,2021-03-25 05:00,4,,96,
192,柳林,2021-03-25 06:00,3.2,,96,
192,柳林,2021-03-25 07:00,3,,97,
192,柳林,2021-03-25 08:00,6.5,,91,
192,柳林,2021-03-25 09:00,9.8,,73,
192,柳林,2021-03-25 10:00,13.4,,56,
192,柳林,2021-03-25 11:00,16.8,,45,
192,柳林,2021-03-25 12:00,17.7,,40,
192,柳林,2021-03-25 13:00,19.2,,32,
192,柳林,2021-03-25 14:00,20.4,,30,
192,柳林,2021-03-25 15:00,21.6,,31,
192,柳林,2021-03-25 16:00,21.4,,31,
192,柳林,2021-03-25 17:00,20.8,,31,
192,柳林,2021-03-25 18:00,19.1,,36,
192,柳林,2021-03-25 19:00,16.3,,44,
192,柳林,2021-03-25 20:00,15.1,,49,
192,柳林,2021-03-25 21:00,12.5,,59,
192,柳林,2021-03-25 22:00,10.3,,71,
192,柳林,2021-03-25 23:00,8.3,,78,
192,柳林,2021-03-26 00:00,7,,84,
192,柳林,2021-03-26 01:00,6,,87,
192,柳林,2021-03-26 02:00,5.8,,89,
192,柳林,2021-03-26 03:00,5.1,,91,
192,柳林,2021-03-26 04:00,4.6,,93,
192,柳林,2021-03-26 05:00,4,,95,
192,柳林,2021-03-26 06:00,3.2,,95,
192,柳林,2021-03-26 07:00,3.1,,96,
192,柳林,2021-03-26 08:00,7.1,,87,
192,柳林,2021-03-26 09:00,10.9,,73,
192,柳林,2021-03-26 10:00,14.6,,58,
192,柳林,2021-03-26 11:00,17.8,,43,
192,柳林,2021-03-26 12:00,20.2,,30,
192,柳林,2021-03-26 13:00,22,,23,
192,柳林,2021-03-26 14:00,22.5,,27,
192,柳林,2021-03-26 15:00,23,,20,
192,柳林,2021-03-26 16:00,21.3,,25,
192,柳林,2021-03-26 17:00,20.5,,21,
192,柳林,2021-03-26 18:00,19.1,,25,
192,柳林,2021-03-26 19:00,16.7,,33,
192,柳林,2021-03-26 20:00,12.4,,47,
192,柳林,2021-03-26 21:00,10.6,,57,
192,柳林,2021-03-26 22:00,9.1,,64,
192,柳林,2021-03-26 23:00,7.7,,70,
192,柳林,2021-03-27 00:00,7,,76,
192,柳林,2021-03-27 01:00,6.1,,83,
192,柳林,2021-03-27 02:00,5.5,,89,
192,柳林,2021-03-27 03:00,5.1,,91,
192,柳林,2021-03-27 04:00,4.3,,92,
192,柳林,2021-03-27 05:00,4,,94,
192,柳林,2021-03-27 06:00,4.1,,95,
192,柳林,2021-03-27 07:00,5.3,,94,
192,柳林,2021-03-27 08:00,7.8,,89,
192,柳林,2021-03-27 09:00,9.6,,84,
192,柳林,2021-03-27 10:00,11.1,,79,
192,柳林,2021-03-27 11:00,12.7,,75,
192,柳林,2021-03-27 12:00,14.1,,71,
192,柳林,2021-03-27 13:00,14.3,,76,
192,柳林,2021-03-27 14:00,12.5,,90,
192,柳林,2021-03-27 15:00,12.4,1.4,96,
192,柳林,2021-03-27 16:00,13,,98,
192,柳林,2021-03-27 17:00,13.2,,98,
192,柳林,2021-03-27 18:00,14.6,14.9,97,
192,柳林,2021-03-27 19:00,15.6,,98,
192,柳林,2021-03-27 20:00,16,,96,
192,柳林,2021-03-27 21:00,15.8,40.6,96,
192,柳林,2021-03-27 22:00,16,,96,
192,柳林,2021-03-27 23:00,16.1,,97,
192,柳林,2021-03-28 00:00,15.8,11.5,97,
192,柳林,2021-03-28 01:00,15.8,,97,
192,柳林,2021-03-28 02:00,15.5,,97,
192,柳林,2021-03-28 03:00,15.6,2,95,
192,柳林,2021-03-28 04:00,15.5,,93,
192,柳林,2021-03-28 05:00,15.1,,91,
192,柳林,2021-03-28 06:00,14.6,,85,
192,柳林,2021-03-28 07:00,14.1,,68,
192,柳林,2021-03-28 08:00,14.1,,66,
192,柳林,2021-03-28 09:00,14.9,,64,
192,柳林,2021-03-28 10:00,16.1,,62,
192,柳林,2021-03-28 11:00,16.8,,60,
192,柳林,2021-03-28 12:00,18,,58,
192,柳林,2021-03-28 13:00,18.8,,57,
192,柳林,2021-03-28 14:00,19.4,,57,
192,柳林,2021-03-28 15:00,20.2,,52,
192,柳林,2021-03-28 16:00,20,,52,
192,柳林,2021-03-28 17:00,19.4,,52,
192,柳林,2021-03-28 18:00,17.8,,53,
192,柳林,2021-03-28 19:00,16,,59,
192,柳林,2021-03-28 20:00,12.6,,74,
192,柳林,2021-03-28 21:00,13.4,,67,
192,柳林,2021-03-28 22:00,10.5,,89,
192,柳林,2021-03-28 23:00,11.6,,80,
192,柳林,2021-03-29 00:00,13.6,,69,
192,柳林,2021-03-29 01:00,12.9,,76,
192,柳林,2021-03-29 02:00,11.1,,83,
192,柳林,2021-03-29 03:00,9,,91,
192,柳林,2021-03-29 04:00,8.8,,93,
192,柳林,2021-03-29 05:00,8.8,,94,
192,柳林,2021-03-29 06:00,8.4,,94,
192,柳林,2021-03-29 07:00,8.1,,96,
192,柳林,2021-03-29 08:00,10.5,,91,
192,柳林,2021-03-29 09:00,13.8,,55,
192,柳林,2021-03-29 10:00,15.1,,43,
192,柳林,2021-03-29 11:00,16.4,,36,
192,柳林,2021-03-29 12:00,17.7,,34,
192,柳林,2021-03-29 13:00,18.7,,34,
192,柳林,2021-03-29 14:00,19.6,,35,
192,柳林,2021-03-29 15:00,20.1,,34,
192,柳林,2021-03-29 16:00,19.8,,32,
192,柳林,2021-03-29 17:00,19.6,,32,
192,柳林,2021-03-29 18:00,18.7,,37,
192,柳林,2021-03-29 19:00,16.9,,45,
192,柳林,2021-03-29 20:00,14,,49,
192,柳林,2021-03-29 21:00,12.3,,64,
192,柳林,2021-03-29 22:00,10.8,,61,
192,柳林,2021-03-29 23:00,10.3,,66,
192,柳林,2021-03-30 00:00,9,,66,
192,柳林,2021-03-30 01:00,8.9,,66,
192,柳林,2021-03-30 02:00,7.7,,71,
192,柳林,2021-03-30 03:00,6.9,,75,
192,柳林,2021-03-30 04:00,6.8,,78,
192,柳林,2021-03-30 05:00,6.6,,77,
192,柳林,2021-03-30 06:00,5.9,,79,
192,柳林,2021-03-30 07:00,6.3,,79,
192,柳林,2021-03-30 08:00,9.4,,75,
192,柳林,2021-03-30 09:00,13.1,,34,
192,柳林,2021-03-30 10:00,14,,34,
192,柳林,2021-03-30 11:00,14.5,,35,
192,柳林,2021-03-30 12:00,16.2,,31,
192,柳林,2021-03-30 13:00,18.2,,29,
192,柳林,2021-03-30 14:00,20,,25,
192,柳林,2021-03-30 15:00,20.3,,24,
192,柳林,2021-03-30 16:00,21.8,,23,
192,柳林,2021-03-30 17:00,21.2,,26,
192,柳林,2021-03-30 18:00,18.6,,32,
192,柳林,2021-03-30 19:00,16.3,,35,
192,柳林,2021-03-30 20:00,11.9,,54,
192,柳林,2021-03-30 21:00,10,,63,
192,柳林,2021-03-30 22:00,8.9,,69,
192,柳林,2021-03-30 23:00,7.7,,76,
192,柳林,2021-03-31 00:00,6.5,,80,
192,柳林,2021-03-31 01:00,5.7,,82,
192,柳林,2021-03-31 02:00,5.1,,86,
192,柳林,2021-03-31 03:00,4.6,,87,
192,柳林,2021-03-31 04:00,3.9,,89,
192,柳林,2021-03-31 05:00,3.5,,93,
192,柳林,2021-03-31 06:00,2.9,,93,
192,柳林,2021-03-31 07:00,3.9,,93,
192,柳林,2021-03-31 08:00,7.6,,79,
192,柳林,2021-03-31 09:00,10.1,,70,
192,柳林,2021-03-31 10:00,13.8,,58,
192,柳林,2021-03-31 11:00,16.6,,47,
192,柳林,2021-03-31 12:00,19,,37,
192,柳林,2021-03-31 13:00,20.9,,30,
192,柳林,2021-03-31 14:00,21.3,,28,
192,柳林,2021-03-31 15:00,20.8,,36,
192,柳林,2021-03-31 16:00,20.7,,37,
192,柳林,2021-03-31 17:00,20.2,,40,
192,柳林,2021-03-31 18:00,17.7,,47,
192,柳林,2021-03-31 19:00,16,,53,
192,柳林,2021-03-31 20:00,13.6,,66,
192,柳林,2021-03-31 21:00,12.2,,69,
192,柳林,2021-03-31 22:00,11.6,,72,
192,柳林,2021-03-31 23:00,10.5,,77,
192,柳林,2021-04-01 00:00,9.5,,81,
192,柳林,2021-04-01 01:00,8.6,,82,
192,柳林,2021-04-01 02:00,7,,89,
192,柳林,2021-04-01 03:00,6.4,,91,
192,柳林,2021-04-01 04:00,6.2,,94,
192,柳林,2021-04-01 05:00,6,,91,
192,柳林,2021-04-01 06:00,5.4,,94,
192,柳林,2021-04-01 07:00,6.8,,89,
192,柳林,2021-04-01 08:00,11.9,,64,
192,柳林,2021-04-01 09:00,14.2,,55,
192,柳林,2021-04-01 10:00,16.7,,48,
192,柳林,2021-04-01 11:00,17.8,,46,
192,柳林,2021-04-01 12:00,19.3,,40,
192,柳林,2021-04-01 13:00,21,,33,
192,柳林,2021-04-01 14:00,20.3,,30,
192,柳林,2021-04-01 15:00,19.6,,28,
192,柳林,2021-04-01 16:00,19,,28,
192,柳林,2021-04-01 17:00,18.3,,30,
192,柳林,2021-04-01 18:00,17.7,,29,
192,柳林,2021-04-01 19:00,17.1,,31,
192,柳林,2021-04-01 20:00,16.5,,30,
192,柳林,2021-04-01 21:00,15.6,,38,
192,柳林,2021-04-01 22:00,14.6,,43,
192,柳林,2021-04-01 23:00,13.8,,46,
192,柳林,2021-04-02 00:00,13.5,,51,
192,柳林,2021-04-02 01:00,13.3,,53,
192,柳林,2021-04-02 02:00,13.1,,53,
192,柳林,2021-04-02 03:00,12.9,,53,
192,柳林,2021-04-02 04:00,12.6,0,56,
192,柳林,2021-04-02 05:00,12.6,,57,
192,柳林,2021-04-02 06:00,12.6,,58,
192,柳林,2021-04-02 07:00,12.6,,60,
192,柳林,2021-04-02 08:00,13.8,,60,
192,柳林,2021-04-02 09:00,15.8,,55,
192,柳林,2021-04-02 10:00,16.7,,55,
192,柳林,2021-04-02 11:00,18,,54,
192,柳林,2021-04-02 12:00,19.4,,51,
192,柳林,2021-04-02 13:00,20.5,,50,
192,柳林,2021-04-02 14:00,22.3,,47,
192,柳林,2021-04-02 15:00,22.1,,50,
192,柳林,2021-04-02 16:00,21.7,,52,
192,柳林,2021-04-02 17:00,20.2,,57,
192,柳林,2021-04-02 18:00,19.3,,58,
192,柳林,2021-04-02 19:00,18.5,,60,
192,柳林,2021-04-02 20:00,17.7,,63,
192,柳林,2021-04-02 21:00,18.1,,61,
192,柳林,2021-04-02 22:00,17.1,,67,
192,柳林,2021-04-02 23:00,16.5,,74,
192,柳林,2021-04-03 00:00,17,,69,
192,柳林,2021-04-03 01:00,16.8,,68,
192,柳林,2021-04-03 02:00,16.7,,70,
192,柳林,2021-04-03 03:00,16.5,,72,
192,柳林,2021-04-03 04:00,15.6,,77,
192,柳林,2021-04-03 05:00,15.5,,79,
192,柳林,2021-04-03 06:00,15.4,,83,
192,柳林,2021-04-03 07:00,15.1,,84,
192,柳林,2021-04-03 08:00,15.5,,83,
192,柳林,2021-04-03 09:00,16.3,,78,
192,柳林,2021-04-03 10:00,15.1,.8,91,
192,柳林,2021-04-03 11:00,14.5,1.4,95,
192,柳林,2021-04-03 12:00,14.7,1.5,97,
192,柳林,2021-04-03 13:00,14.6,4.6,98,
192,柳林,2021-04-03 14:00,14.8,5.5,99,
192,柳林,2021-04-03 15:00,14.9,1.5,99,
192,柳林,2021-04-03 16:00,15.1,4.5,99,
192,柳林,2021-04-03 17:00,,4.9,99,
192,柳林,2021-04-03 18:00,,5.6,99,
192,柳林,2021-04-03 19:00,,2,100,
192,柳林,2021-04-03 20:00,,1.7,100,
192,柳林,2021-04-03 21:00,,.7,100,
192,柳林,2021-04-03 22:00,,.3,100,
192,柳林,2021-04-03 23:00,,.5,100,
192,柳林,2021-04-04 00:00,,.1,100,
192,柳林,2021-04-04 01:00,,,100,
192,柳林,2021-04-04 02:00,,,100,
192,柳林,2021-04-04 03:00,16.2,,100,
192,柳林,2021-04-04 04:00,15.6,,99,
192,柳林,2021-04-04 05:00,15.3,0,98,
192,柳林,2021-04-04 06:00,14.7,.5,99,
192,柳林,2021-04-04 07:00,14.6,.1,99,
192,柳林,2021-04-04 08:00,14.1,4.3,98,
192,柳林,2021-04-04 09:00,13.1,1.1,96,
192,柳林,2021-04-04 10:00,12.6,1.6,96,
192,柳林,2021-04-04 11:00,12.5,.1,93,
192,柳林,2021-04-04 12:00,12.3,.1,93,
192,柳林,2021-04-04 13:00,12.6,,89,
192,柳林,2021-04-04 14:00,11.6,0,94,
192,柳林,2021-04-04 15:00,11.8,.1,89,
192,柳林,2021-04-04 16:00,12.1,,82,
192,柳林,2021-04-04 17:00,11.8,,86,
192,柳林,2021-04-04 18:00,11.3,,81,
192,柳林,2021-04-04 19:00,10.6,,85,
192,柳林,2021-04-04 20:00,10.5,,84,
192,柳林,2021-04-04 21:00,10.3,,80,
192,柳林,2021-04-04 22:00,10,,77,
192,柳林,2021-04-04 23:00,9.5,,88,
192,柳林,2021-04-05 00:00,9.3,,91,
192,柳林,2021-04-05 01:00,8.8,,91,
192,柳林,2021-04-05 02:00,8.1,,87,
192,柳林,2021-04-05 03:00,7.7,,78,
192,柳林,2021-04-05 04:00,6.1,,85,
192,柳林,2021-04-05 05:00,5.7,,85,
192,柳林,2021-04-05 06:00,5.2,,85,
192,柳林,2021-04-05 07:00,6.6,,71,
192,柳林,2021-04-05 08:00,8.8,,52,
192,柳林,2021-04-05 09:00,10.3,,44,
192,柳林,2021-04-05 10:00,11.2,,46,
192,柳林,2021-04-05 11:00,12.3,,41,
192,柳林,2021-04-05 12:00,14,,38,
192,柳林,2021-04-05 13:00,15.1,,39,
192,柳林,2021-04-05 14:00,16.1,,39,
192,柳林,2021-04-05 15:00,17.3,,41,
192,柳林,2021-04-05 16:00,17.5,,32,
192,柳林,2021-04-05 17:00,17,,31,
192,柳林,2021-04-05 18:00,16.1,,30,
192,柳林,2021-04-05 19:00,13.5,,43,
192,柳林,2021-04-05 20:00,10.5,,61,
192,柳林,2021-04-05 21:00,8.8,,72,
192,柳林,2021-04-05 22:00,7.9,,72,
192,柳林,2021-04-05 23:00,6,,77,
192,柳林,2021-04-06 00:00,4.8,,83,
192,柳林,2021-04-06 01:00,3.3,,87,
192,柳林,2021-04-06 02:00,2.8,,89,
192,柳林,2021-04-06 03:00,2.2,,92,
192,柳林,2021-04-06 04:00,1.9,,94,
192,柳林,2021-04-06 05:00,1.8,,95,
192,柳林,2021-04-06 06:00,1.6,,94,
192,柳林,2021-04-06 07:00,3.5,,89,
192,柳林,2021-04-06 08:00,7,,76,
192,柳林,2021-04-06 09:00,8.6,,67,
192,柳林,2021-04-06 10:00,10,,59,
192,柳林,2021-04-06 11:00,11.8,,55,
192,柳林,2021-04-06 12:00,14.2,,49,
192,柳林,2021-04-06 13:00,17.2,,44,
192,柳林,2021-04-06 14:00,19.2,,34,
192,柳林,2021-04-06 15:00,20.2,,31,
192,柳林,2021-04-06 16:00,20.2,,32,
192,柳林,2021-04-06 17:00,20.7,,23,
192,柳林,2021-04-06 18:00,20,,23,
192,柳林,2021-04-06 19:00,17.8,,34,
192,柳林,2021-04-06 20:00,14.3,,56,
192,柳林,2021-04-06 21:00,14.4,,50,
192,柳林,2021-04-06 22:00,11.8,,53,
192,柳林,2021-04-06 23:00,9.4,,70,
192,柳林,2021-04-07 00:00,9.1,,74,
192,柳林,2021-04-07 01:00,7.3,,76,
192,柳林,2021-04-07 02:00,7,,81,
192,柳林,2021-04-07 03:00,5.7,,86,
192,柳林,2021-04-07 04:00,5.2,,84,
192,柳林,2021-04-07 05:00,4,,89,
192,柳林,2021-04-07 06:00,3.6,,90,
192,柳林,2021-04-07 07:00,4.7,,90,
192,柳林,2021-04-07 08:00,9.6,,79,
192,柳林,2021-04-07 09:00,14.4,,53,
192,柳林,2021-04-07 10:00,17.5,,38,
192,柳林,2021-04-07 11:00,19.8,,33,
192,柳林,2021-04-07 12:00,20.5,,28,
192,柳林,2021-04-07 13:00,21.2,,26,
192,柳林,2021-04-07 14:00,21.8,,24,
192,柳林,2021-04-07 15:00,21.5,,25,
192,柳林,2021-04-07 16:00,19.5,,32,
192,柳林,2021-04-07 17:00,17.8,,41,
192,柳林,2021-04-07 18:00,17,,46,
192,柳林,2021-04-07 19:00,15.5,,52,
192,柳林,2021-04-07 20:00,14.4,,58,
192,柳林,2021-04-07 21:00,13.9,,60,
192,柳林,2021-04-07 22:00,11.1,,76,
192,柳林,2021-04-07 23:00,10.8,,77,
192,柳林,2021-04-08 00:00,9.9,,81,
192,柳林,2021-04-08 01:00,9,,85,
192,柳林,2021-04-08 02:00,8.1,,88,
192,柳林,2021-04-08 03:00,8,,90,
192,柳林,2021-04-08 04:00,7.5,,91,
192,柳林,2021-04-08 05:00,6.3,,94,
192,柳林,2021-04-08 06:00,5.8,,96,
192,柳林,2021-04-08 07:00,6.6,,96,
192,柳林,2021-04-08 08:00,9.8,,89,
192,柳林,2021-04-08 09:00,12.9,,69,
192,柳林,2021-04-08 10:00,16.1,,43,
192,柳林,2021-04-08 11:00,18.6,,32,
192,柳林,2021-04-08 12:00,19.8,,28,
192,柳林,2021-04-08 13:00,20.4,,27,
192,柳林,2021-04-08 14:00,21.7,,28,
192,柳林,2021-04-08 15:00,21.5,,27,
192,柳林,2021-04-08 16:00,20.6,,25,
192,柳林,2021-04-08 17:00,19.2,,31,
192,柳林,2021-04-08 18:00,17.3,,38,
192,柳林,2021-04-08 19:00,14.7,,47,
192,柳林,2021-04-08 20:00,11.8,,64,
192,柳林,2021-04-08 21:00,10.3,,76,
192,柳林,2021-04-08 22:00,9.6,,79,
192,柳林,2021-04-08 23:00,8.6,,85,
192,柳林,2021-04-09 00:00,7.5,,89,
192,柳林,2021-04-09 01:00,6.2,,93,
192,柳林,2021-04-09 02:00,5.8,,95,
192,柳林,2021-04-09 03:00,4.8,,96,
192,柳林,2021-04-09 04:00,4,,96,
192,柳林,2021-04-09 05:00,3.2,,96,
192,柳林,2021-04-09 06:00,2.4,,95,
192,柳林,2021-04-09 07:00,3.8,,94,
192,柳林,2021-04-09 08:00,8.2,,76,
192,柳林,2021-04-09 09:00,11.7,,55,
192,柳林,2021-04-09 10:00,14.6,,43,
192,柳林,2021-04-09 11:00,16,,46,
192,柳林,2021-04-09 12:00,16.8,,48,
192,柳林,2021-04-09 13:00,17,,46,
192,柳林,2021-04-09 14:00,18.5,,40,
192,柳林,2021-04-09 15:00,14.6,,59,
192,柳林,2021-04-09 16:00,15.1,,60,
192,柳林,2021-04-09 17:00,14.3,,57,
192,柳林,2021-04-09 18:00,13.8,,56,
192,柳林,2021-04-09 19:00,12.5,,59,
192,柳林,2021-04-09 20:00,12.1,,57,
192,柳林,2021-04-09 21:00,11.2,,57,
192,柳林,2021-04-09 22:00,10.6,,59,
192,柳林,2021-04-09 23:00,9.8,,59,
192,柳林,2021-04-10 00:00,8.9,,62,
